A2BBX6,A,B1,nB1,B2,nB2,X
Cs2AgLuCl6,Cs,Ag,1,Lu,3,Cl
Cs2VAuCl6,Cs,V,3,Au,1,Cl
Cs2NaPrCl6,Cs,Na,1,Pr,3,Cl
Cs2VSmCl6,Cs,V,2,Sm,2,Cl
Cs2PtAmCl6,Cs,Pt,2,Am,2,Cl
Cs2MgNdCl6,Cs,Mg,2,Nd,2,Cl
Cs2AgYbCl6,Cs,Ag,1,Yb,3,Cl
Cs2NaPuCl6,Cs,Na,1,Pu,3,Cl
Cs2CaYbCl6,Cs,Ca,2,Yb,2,Cl
Cs2GeNdCl6,Cs,Ge,2,Nd,2,Cl
Cs2CdDyCl6,Cs,Cd,2,Dy,2,Cl
Cs2KVCl6,Cs,K,1,V,3,Cl
Cs2SmPtCl6,Cs,Sm,2,Pt,2,Cl
Cs2CaHgCl6,Cs,Ca,2,Hg,2,Cl
Cs2NaNdCl6,Cs,Na,1,Nd,3,Cl
Cs2KGaCl6,Cs,K,1,Ga,3,Cl
Cs2AgAuCl6,Cs,Ag,1,Au,3,Cl
Cs2VAmCl6,Cs,V,2,Am,2,Cl
Cs2NaCeCl6,Cs,Na,1,Ce,3,Cl
Cs2NaNpCl6,Cs,Na,1,Np,3,Cl
Cs2ZnNdCl6,Cs,Zn,2,Nd,2,Cl
Cs2AgTmCl6,Cs,Ag,1,Tm,3,Cl
Cs2TiEuCl6,Cs,Ti,2,Eu,2,Cl
Cs2CaTmCl6,Cs,Ca,2,Tm,2,Cl
Cs2NaAmCl6,Cs,Na,1,Am,3,Cl
Cs2KCrCl6,Cs,K,1,Cr,3,Cl
Cs2KMnCl6,Cs,K,1,Mn,3,Cl
Cs2AgTlCl6,Cs,Ag,1,Tl,3,Cl
Cs2AlTlCl6,Cs,Al,3,Tl,1,Cl
Cs2RhAuCl6,Cs,Rh,3,Au,1,Cl
Cs2PtPbCl6,Cs,Pt,2,Pb,2,Cl
Cs2NaCmCl6,Cs,Na,1,Cm,3,Cl
Cs2GaAuCl6,Cs,Ga,3,Au,1,Cl
Cs2InHgCl6,Cs,In,3,Hg,1,Cl
Cs2NaPmCl6,Cs,Na,1,Pm,3,Cl
Cs2CoNdCl6,Cs,Co,2,Nd,2,Cl
Cs2AgErCl6,Cs,Ag,1,Er,3,Cl
Cs2MnNdCl6,Cs,Mn,2,Nd,2,Cl
Cs2SrPdCl6,Cs,Sr,2,Pd,2,Cl
Cs2TiAuCl6,Cs,Ti,3,Au,1,Cl
Cs2TiSrCl6,Cs,Ti,2,Sr,2,Cl
Cs2NiBaCl6,Cs,Ni,2,Ba,2,Cl
Cs2AuHgCl6,Cs,Au,3,Hg,1,Cl
Cs2CrSmCl6,Cs,Cr,2,Sm,2,Cl
Cs2CrAuCl6,Cs,Cr,3,Au,1,Cl
Cs2FeNdCl6,Cs,Fe,2,Nd,2,Cl
Cs2MnAuCl6,Cs,Mn,3,Au,1,Cl
Cs2NaUCl6,Cs,Na,1,U,3,Cl
Cs2FeBaCl6,Cs,Fe,2,Ba,2,Cl
Cs2KRhCl6,Cs,K,1,Rh,3,Cl
Cs2SrPtCl6,Cs,Sr,2,Pt,2,Cl
Cs2VPbCl6,Cs,V,2,Pb,2,Cl
Cs2CdTmCl6,Cs,Cd,2,Tm,2,Cl
Cs2NiNdCl6,Cs,Ni,2,Nd,2,Cl
Cs2CoBaCl6,Cs,Co,2,Ba,2,Cl
Cs2CuThCl6,Cs,Cu,1,Th,3,Cl
Cs2NaSmCl6,Cs,Na,1,Sm,3,Cl
Cs2KFeCl6,Cs,K,1,Fe,3,Cl
Cs2KTiCl6,Cs,K,1,Ti,3,Cl
Cs2CdNpCl6,Cs,Cd,2,Np,2,Cl
Cs2RuAuCl6,Cs,Ru,3,Au,1,Cl
Cs2IrAuCl6,Cs,Ir,3,Au,1,Cl
Cs2TiPbCl6,Cs,Ti,2,Pb,2,Cl
Cs2YAgCl6,Cs,Y,3,Ag,1,Cl
Cs2NaBiCl6,Cs,Na,1,Bi,3,Cl
Cs2TmYbCl6,Cs,Tm,2,Yb,2,Cl
Cs2PdPbCl6,Cs,Pd,2,Pb,2,Cl
Cs2AgHoCl6,Cs,Ag,1,Ho,3,Cl
Cs2LuHgCl6,Cs,Lu,3,Hg,1,Cl
Cs2NaLaCl6,Cs,Na,1,La,3,Cl
Cs2CrAmCl6,Cs,Cr,2,Am,2,Cl
Cs2CrNdCl6,Cs,Cr,2,Nd,2,Cl
Cs2AlRbCl6,Cs,Al,3,Rb,1,Cl
Cs2CdHgCl6,Cs,Cd,2,Hg,2,Cl
Cs2VSrCl6,Cs,V,2,Sr,2,Cl
Cs2MnSmCl6,Cs,Mn,2,Sm,2,Cl
Cs2CdYbCl6,Cs,Cd,2,Yb,2,Cl
Cs2EuPtCl6,Cs,Eu,2,Pt,2,Cl
Cs2LiThCl6,Cs,Li,1,Th,3,Cl
Cs2YbHgCl6,Cs,Yb,3,Hg,1,Cl
Cs2FeAuCl6,Cs,Fe,3,Au,1,Cl
Cs2NaEuCl6,Cs,Na,1,Eu,3,Cl
Cs2KRuCl6,Cs,K,1,Ru,3,Cl
Cs2MoAuCl6,Cs,Mo,3,Au,1,Cl
Cs2CuRbCl6,Cs,Cu,3,Rb,1,Cl
Cs2NaPaCl6,Cs,Na,1,Pa,3,Cl
Cs2KIrCl6,Cs,K,1,Ir,3,Cl
Cs2AgDyCl6,Cs,Ag,1,Dy,3,Cl
Cs2ZnSmCl6,Cs,Zn,2,Sm,2,Cl
Cs2KNiCl6,Cs,K,1,Ni,3,Cl
Cs2KAsCl6,Cs,K,1,As,3,Cl
Cs2PRbCl6,Cs,P,3,Rb,1,Cl
Cs2NFrCl6,Cs,N,3,Fr,1,Cl
Cs2VEuCl6,Cs,V,2,Eu,2,Cl
Cs2MnAmCl6,Cs,Mn,2,Am,2,Cl
Cs2TiNpCl6,Cs,Ti,2,Np,2,Cl
Cs2NaGdCl6,Cs,Na,1,Gd,3,Cl
Cs2KCoCl6,Cs,K,1,Co,3,Cl
Cs2TiAmCl6,Cs,Ti,2,Am,2,Cl
Cs2BFrCl6,Cs,B,3,Fr,1,Cl
Cs2KMoCl6,Cs,K,1,Mo,3,Cl
Cs2TmHgCl6,Cs,Tm,3,Hg,1,Cl
Cs2CaDyCl6,Cs,Ca,2,Dy,2,Cl
Cs2MgBaCl6,Cs,Mg,2,Ba,2,Cl
Cs2CrPbCl6,Cs,Cr,2,Pb,2,Cl
Cs2AgTbCl6,Cs,Ag,1,Tb,3,Cl
Cs2HgTlCl6,Cs,Hg,1,Tl,3,Cl
Cs2CaCdCl6,Cs,Ca,2,Cd,2,Cl
Cs2SbHgCl6,Cs,Sb,3,Hg,1,Cl
Cs2AsAuCl6,Cs,As,3,Au,1,Cl
Cs2GeSmCl6,Cs,Ge,2,Sm,2,Cl
Cs2PdHgCl6,Cs,Pd,3,Hg,1,Cl
Cs2AgInCl6,Cs,Ag,1,In,3,Cl
Cs2ZnAmCl6,Cs,Zn,2,Am,2,Cl
Cs2NiAuCl6,Cs,Ni,3,Au,1,Cl
Cs2CoTlCl6,Cs,Co,3,Tl,1,Cl
Cs2CoAuCl6,Cs,Co,3,Au,1,Cl
Cs2TiSmCl6,Cs,Ti,2,Sm,2,Cl
Cs2VNdCl6,Cs,V,2,Nd,2,Cl
Cs2AsTlCl6,Cs,As,3,Tl,1,Cl
Cs2NiTlCl6,Cs,Ni,3,Tl,1,Cl
Cs2CuBaCl6,Cs,Cu,2,Ba,2,Cl
Cs2GeBaCl6,Cs,Ge,2,Ba,2,Cl
Cs2ErHgCl6,Cs,Er,3,Hg,1,Cl
Cs2CrSrCl6,Cs,Cr,2,Sr,2,Cl
Cs2NaTbCl6,Cs,Na,1,Tb,3,Cl
Cs2MgSmCl6,Cs,Mg,2,Sm,2,Cl
Cs2AgHgCl6,Cs,Ag,3,Hg,1,Cl
Cs2GeAmCl6,Cs,Ge,2,Am,2,Cl
Cs2MnPbCl6,Cs,Mn,2,Pb,2,Cl
Cs2CaAgCl6,Cs,Ca,2,Ag,2,Cl
Cs2TeCl6,Cs,Te,4,Vac,0,Cl
Cs2PTlCl6,Cs,P,3,Tl,1,Cl
Cs2AgGdCl6,Cs,Ag,1,Gd,3,Cl
Cs2YHgCl6,Cs,Y,3,Hg,1,Cl
Cs2DyYbCl6,Cs,Dy,2,Yb,2,Cl
Cs2NdPtCl6,Cs,Nd,2,Pt,2,Cl
Cs2NbAuCl6,Cs,Nb,3,Au,1,Cl
Cs2TaAuCl6,Cs,Ta,3,Au,1,Cl
Cs2ZnBaCl6,Cs,Zn,2,Ba,2,Cl
Cs2HoHgCl6,Cs,Ho,3,Hg,1,Cl
Cs2ScHgCl6,Cs,Sc,3,Hg,1,Cl
Cs2CrEuCl6,Cs,Cr,2,Eu,2,Cl
Cs2NaDyCl6,Cs,Na,1,Dy,3,Cl
Cs2TiDyCl6,Cs,Ti,2,Dy,2,Cl
Cs2BeRaCl6,Cs,Be,2,Ra,2,Cl
Cs2MgAmCl6,Cs,Mg,2,Am,2,Cl
Cs2ZnPbCl6,Cs,Zn,2,Pb,2,Cl
Cs2MnSrCl6,Cs,Mn,2,Sr,2,Cl
Cs2AgEuCl6,Cs,Ag,1,Eu,3,Cl
Cs2CoRbCl6,Cs,Co,3,Rb,1,Cl
Cs2FeTlCl6,Cs,Fe,3,Tl,1,Cl
Cs2AsRbCl6,Cs,As,3,Rb,1,Cl
Cs2NiRbCl6,Cs,Ni,3,Rb,1,Cl
Cs2DyTmCl6,Cs,Dy,2,Tm,2,Cl
Cs2MnBaCl6,Cs,Mn,2,Ba,2,Cl
Cs2CaNpCl6,Cs,Ca,2,Np,2,Cl
Cs2KNbCl6,Cs,K,1,Nb,3,Cl
Cs2KTaCl6,Cs,K,1,Ta,3,Cl
Cs2DyHgCl6,Cs,Dy,3,Hg,1,Cl
Cs2NaHoCl6,Cs,Na,1,Ho,3,Cl
Cs2ZnSrCl6,Cs,Zn,2,Sr,2,Cl
Cs2GePbCl6,Cs,Ge,2,Pb,2,Cl
Cs2CuPbCl6,Cs,Cu,2,Pb,2,Cl
Cs2NaYCl6,Cs,Na,1,Y,3,Cl
Cs2KCuCl6,Cs,K,1,Cu,3,Cl
Cs2MnEuCl6,Cs,Mn,2,Eu,2,Cl
Cs2AgSmCl6,Cs,Ag,1,Sm,3,Cl
Cs2CoSmCl6,Cs,Co,2,Sm,2,Cl
Cs2AlKCl6,Cs,Al,3,K,1,Cl
Cs2FeSmCl6,Cs,Fe,2,Sm,2,Cl
Cs2MnTlCl6,Cs,Mn,3,Tl,1,Cl
Cs2TbHgCl6,Cs,Tb,3,Hg,1,Cl
Cs2CrTlCl6,Cs,Cr,3,Tl,1,Cl
Cs2CrBaCl6,Cs,Cr,2,Ba,2,Cl
Cs2ScAuCl6,Cs,Sc,3,Au,1,Cl
Cs2TaHgCl6,Cs,Ta,3,Hg,1,Cl
Cs2NbHgCl6,Cs,Nb,3,Hg,1,Cl
Cs2AgSbCl6,Cs,Ag,1,Sb,3,Cl
Cs2CuSrCl6,Cs,Cu,2,Sr,2,Cl
Cs2NiSmCl6,Cs,Ni,2,Sm,2,Cl
Cs2MgPbCl6,Cs,Mg,2,Pb,2,Cl
Cs2GeSrCl6,Cs,Ge,2,Sr,2,Cl
Cs2ZnEuCl6,Cs,Zn,2,Eu,2,Cl
Cs2NaErCl6,Cs,Na,1,Er,3,Cl
Cs2FeRbCl6,Cs,Fe,3,Rb,1,Cl
Cs2CoAmCl6,Cs,Co,2,Am,2,Cl
Cs2AgCmCl6,Cs,Ag,1,Cm,3,Cl
Cs2CdEuCl6,Cs,Cd,2,Eu,2,Cl
Cs2GaTlCl6,Cs,Ga,3,Tl,1,Cl
Cs2SrAgCl6,Cs,Sr,2,Ag,2,Cl
Cs2YbNpCl6,Cs,Yb,2,Np,2,Cl
Cs2AgPmCl6,Cs,Ag,1,Pm,3,Cl
Cs2AlAuCl6,Cs,Al,3,Au,1,Cl
Cs2FeAmCl6,Cs,Fe,2,Am,2,Cl
Cs2NaTlCl6,Cs,Na,1,Tl,3,Cl
Cs2KScCl6,Cs,K,1,Sc,3,Cl
Cs2AgAmCl6,Cs,Ag,1,Am,3,Cl
Cs2NiAmCl6,Cs,Ni,2,Am,2,Cl
Cs2PtNpCl6,Cs,Pt,2,Np,2,Cl
Cs2AgAgCl6,Cs,Ag,1,Ag,3,Cl
Cs2GeEuCl6,Cs,Ge,2,Eu,2,Cl
Cs2MgSrCl6,Cs,Mg,2,Sr,2,Cl
Cs2NaTmCl6,Cs,Na,1,Tm,3,Cl
Cs2GdHgCl6,Cs,Gd,3,Hg,1,Cl
Cs2AgPbCl6,Cs,Ag,2,Pb,2,Cl
Cs2SrCdCl6,Cs,Sr,2,Cd,2,Cl
Cs2TmNpCl6,Cs,Tm,2,Np,2,Cl
Cs2SbAuCl6,Cs,Sb,3,Au,1,Cl
Cs2KAgCl6,Cs,K,1,Ag,3,Cl
Cs2ScAgCl6,Cs,Sc,3,Ag,1,Cl
Cs2MnRbCl6,Cs,Mn,3,Rb,1,Cl
Cs2AgNdCl6,Cs,Ag,1,Nd,3,Cl
Cs2CrRbCl6,Cs,Cr,3,Rb,1,Cl
Cs2MgEuCl6,Cs,Mg,2,Eu,2,Cl
Cs2CuAcCl6,Cs,Cu,1,Ac,3,Cl
Cs2VNpCl6,Cs,V,2,Np,2,Cl
Cs2AgCdCl6,Cs,Ag,2,Cd,2,Cl
Cs2TiTmCl6,Cs,Ti,2,Tm,2,Cl
Cs2EuHgCl6,Cs,Eu,3,Hg,1,Cl
Cs2NaYbCl6,Cs,Na,1,Yb,3,Cl
Cs2CoPbCl6,Cs,Co,2,Pb,2,Cl
Cs2VTlCl6,Cs,V,3,Tl,1,Cl
Cs2GaRbCl6,Cs,Ga,3,Rb,1,Cl
Cs2KPdCl6,Cs,K,1,Pd,3,Cl
Cs2KSbCl6,Cs,K,1,Sb,3,Cl
Cs2AgPrCl6,Cs,Ag,1,Pr,3,Cl
Cs2VBaCl6,Cs,V,2,Ba,2,Cl
Cs2NaAcCl6,Cs,Na,1,Ac,3,Cl
Cs2CdPbCl6,Cs,Cd,2,Pb,2,Cl
Cs2FePbCl6,Cs,Fe,2,Pb,2,Cl
Cs2NaLuCl6,Cs,Na,1,Lu,3,Cl
Cs2TiYbCl6,Cs,Ti,2,Yb,2,Cl
Cs2ThCl6,Cs,Th,4,Vac,0,Cl
Cs2PoCl6,Cs,Po,4,Vac,0,Cl
Cs2LiAcCl6,Cs,Li,1,Ac,3,Cl
Cs2MoHgCl6,Cs,Mo,3,Hg,1,Cl
Cs2NiPbCl6,Cs,Ni,2,Pb,2,Cl
Cs2SmHgCl6,Cs,Sm,3,Hg,1,Cl
Cs2CoSrCl6,Cs,Co,2,Sr,2,Cl
Cs2TiNdCl6,Cs,Ti,2,Nd,2,Cl
Cs2BaPtCl6,Cs,Ba,2,Pt,2,Cl
Cs2AgPuCl6,Cs,Ag,1,Pu,3,Cl
Cs2FeSrCl6,Cs,Fe,2,Sr,2,Cl
Cs2AgTaCl6,Cs,Ag,1,Ta,3,Cl
Cs2NbAgCl6,Cs,Nb,3,Ag,1,Cl
Cs2DyPtCl6,Cs,Dy,2,Pt,2,Cl
Cs2IrHgCl6,Cs,Ir,3,Hg,1,Cl
Cs2RuHgCl6,Cs,Ru,3,Hg,1,Cl
Cs2NaAuCl6,Cs,Na,1,Au,3,Cl
Cs2NiSrCl6,Cs,Ni,2,Sr,2,Cl
Cs2CoEuCl6,Cs,Co,2,Eu,2,Cl
Cs2AgCeCl6,Cs,Ag,1,Ce,3,Cl
Cs2CdAmCl6,Cs,Cd,2,Am,2,Cl
Cs2VRbCl6,Cs,V,3,Rb,1,Cl
Cs2HgCmCl6,Cs,Hg,1,Cm,3,Cl
Cs2AgNpCl6,Cs,Ag,1,Np,3,Cl
Cs2PmHgCl6,Cs,Pm,3,Hg,1,Cl
Cs2FeEuCl6,Cs,Fe,2,Eu,2,Cl
Cs2CrNpCl6,Cs,Cr,2,Np,2,Cl
Cs2RhTlCl6,Cs,Rh,3,Tl,1,Cl
Cs2HgAmCl6,Cs,Hg,1,Am,3,Cl
Cs2VDyCl6,Cs,V,2,Dy,2,Cl
Cs2CaTiCl6,Cs,Ca,2,Ti,2,Cl
Cs2NiEuCl6,Cs,Ni,2,Eu,2,Cl
Cs2CaPdCl6,Cs,Ca,2,Pd,2,Cl
Cs2TiHgCl6,Cs,Ti,3,Hg,1,Cl
Cs2RhHgCl6,Cs,Rh,3,Hg,1,Cl
Cs2DyNpCl6,Cs,Dy,2,Np,2,Cl
Cs2InAuCl6,Cs,In,3,Au,1,Cl
Cs2TiTlCl6,Cs,Ti,3,Tl,1,Cl
Cs2NiRaCl6,Cs,Ni,2,Ra,2,Cl
Cs2CaEuCl6,Cs,Ca,2,Eu,2,Cl
Cs2CdSmCl6,Cs,Cd,2,Sm,2,Cl
Cs2NdHgCl6,Cs,Nd,3,Hg,1,Cl
Cs2MnNpCl6,Cs,Mn,2,Np,2,Cl
Cs2AgUCl6,Cs,Ag,1,U,3,Cl
Cs2FeRaCl6,Cs,Fe,2,Ra,2,Cl
Cs2CoRaCl6,Cs,Co,2,Ra,2,Cl
Cs2AgBiCl6,Cs,Ag,1,Bi,3,Cl
Cs2IrTlCl6,Cs,Ir,3,Tl,1,Cl
Cs2PrHgCl6,Cs,Pr,3,Hg,1,Cl
Cs2RuTlCl6,Cs,Ru,3,Tl,1,Cl
Cs2CaSrCl6,Cs,Ca,2,Sr,2,Cl
Cs2KInCl6,Cs,K,1,In,3,Cl
Cs2AgLaCl6,Cs,Ag,1,La,3,Cl
Cs2MoAgCl6,Cs,Mo,3,Ag,1,Cl
Cs2ZnNpCl6,Cs,Zn,2,Np,2,Cl
Cs2RbRhCl6,Cs,Rb,1,Rh,3,Cl
Cs2CrDyCl6,Cs,Cr,2,Dy,2,Cl
Cs2AgPaCl6,Cs,Ag,1,Pa,3,Cl
Cs2CaPbCl6,Cs,Ca,2,Pb,2,Cl
Cs2MoTlCl6,Cs,Mo,3,Tl,1,Cl
Cs2TiRbCl6,Cs,Ti,3,Rb,1,Cl
Cs2HgPuCl6,Cs,Hg,1,Pu,3,Cl
Cs2EuYbCl6,Cs,Eu,2,Yb,2,Cl
Cs2GeNpCl6,Cs,Ge,2,Np,2,Cl
Cs2TmPtCl6,Cs,Tm,2,Pt,2,Cl
Cs2AgIrCl6,Cs,Ag,1,Ir,3,Cl
Cs2VHgCl6,Cs,V,3,Hg,1,Cl
Cs2RuAgCl6,Cs,Ru,3,Ag,1,Cl
Cs2HgNpCl6,Cs,Hg,1,Np,3,Cl
Cs2MgRaCl6,Cs,Mg,2,Ra,2,Cl
Cs2SrHgCl6,Cs,Sr,2,Hg,2,Cl
Cs2RbIrCl6,Cs,Rb,1,Ir,3,Cl
Cs2EuTmCl6,Cs,Eu,2,Tm,2,Cl
Cs2RbRuCl6,Cs,Rb,1,Ru,3,Cl
Cs2SrYbCl6,Cs,Sr,2,Yb,2,Cl
Cs2CeHgCl6,Cs,Ce,3,Hg,1,Cl
Cs2TiAgCl6,Cs,Ti,3,Ag,1,Cl
Cs2NaInCl6,Cs,Na,1,In,3,Cl
Cs2MnDyCl6,Cs,Mn,2,Dy,2,Cl
Cs2MgNpCl6,Cs,Mg,2,Np,2,Cl
Cs2PtHgCl6,Cs,Pt,2,Hg,2,Cl
Cs2PKCl6,Cs,P,3,K,1,Cl
Cs2YbPtCl6,Cs,Yb,2,Pt,2,Cl
Cs2VTmCl6,Cs,V,2,Tm,2,Cl
Cs2RhAgCl6,Cs,Rh,3,Ag,1,Cl
Cs2GeRaCl6,Cs,Ge,2,Ra,2,Cl
Cs2YbPbCl6,Cs,Yb,2,Pb,2,Cl
Cs2RbMoCl6,Cs,Rb,1,Mo,3,Cl
Cs2PdBaCl6,Cs,Pd,2,Ba,2,Cl
Cs2HgPbCl6,Cs,Hg,2,Pb,2,Cl
Cs2CaAmCl6,Cs,Ca,2,Am,2,Cl
Cs2CuRaCl6,Cs,Cu,2,Ra,2,Cl
Cs2SrTmCl6,Cs,Sr,2,Tm,2,Cl
Cs2TiBaCl6,Cs,Ti,2,Ba,2,Cl
Cs2ZnDyCl6,Cs,Zn,2,Dy,2,Cl
Cs2CuPaCl6,Cs,Cu,1,Pa,3,Cl
Cs2TiCdCl6,Cs,Ti,2,Cd,2,Cl
Cs2VYbCl6,Cs,V,2,Yb,2,Cl
Cs2PdCdCl6,Cs,Pd,2,Cd,2,Cl
Cs2PAuCl6,Cs,P,3,Au,1,Cl
Cs2GaHgCl6,Cs,Ga,3,Hg,1,Cl
Cs2HgUCl6,Cs,Hg,1,U,3,Cl
Cs2CrHgCl6,Cs,Cr,3,Hg,1,Cl
Cs2NbTlCl6,Cs,Nb,3,Tl,1,Cl
Cs2HgBiCl6,Cs,Hg,1,Bi,3,Cl
Cs2AuAuCl6,Cs,Au,1,Au,3,Cl
Cs2TmPbCl6,Cs,Tm,2,Pb,2,Cl
Cs2TaTlCl6,Cs,Ta,3,Tl,1,Cl
Cs2ZnRaCl6,Cs,Zn,2,Ra,2,Cl
Cs2CaSmCl6,Cs,Ca,2,Sm,2,Cl
Cs2MnHgCl6,Cs,Mn,3,Hg,1,Cl
Cs2CuLaCl6,Cs,Cu,1,La,3,Cl
Cs2LaHgCl6,Cs,La,3,Hg,1,Cl
Cs2BeBaCl6,Cs,Be,2,Ba,2,Cl
Cs2GeDyCl6,Cs,Ge,2,Dy,2,Cl
Cs2PaCl6,Cs,Pa,4,Vac,0,Cl
Cs2CuBiCl6,Cs,Cu,1,Bi,3,Cl
Cs2LiPaCl6,Cs,Li,1,Pa,3,Cl
Cs2CaPtCl6,Cs,Ca,2,Pt,2,Cl
Cs2PdAgCl6,Cs,Pd,2,Ag,2,Cl
Cs2PdThCl6,Cs,Pd,1,Th,3,Cl
Cs2CoNpCl6,Cs,Co,2,Np,2,Cl
Cs2FeNpCl6,Cs,Fe,2,Np,2,Cl
Cs2CuUCl6,Cs,Cu,1,U,3,Cl
Cs2CrTmCl6,Cs,Cr,2,Tm,2,Cl
Cs2NaThCl6,Cs,Na,1,Th,3,Cl
Cs2KAuCl6,Cs,K,1,Au,3,Cl
Cs2MnRaCl6,Cs,Mn,2,Ra,2,Cl
Cs2YbAmCl6,Cs,Yb,2,Am,2,Cl
Cs2HgPaCl6,Cs,Hg,1,Pa,3,Cl
Cs2LiLaCl6,Cs,Li,1,La,3,Cl
Cs2LuAuCl6,Cs,Lu,3,Au,1,Cl
Cs2BRbCl6,Cs,B,3,Rb,1,Cl
Cs2MgDyCl6,Cs,Mg,2,Dy,2,Cl
Cs2LiBiCl6,Cs,Li,1,Bi,3,Cl
Cs2CaVCl6,Cs,Ca,2,V,2,Cl
Cs2NiNpCl6,Cs,Ni,2,Np,2,Cl
Cs2VAgCl6,Cs,V,3,Ag,1,Cl
Cs2FeHgCl6,Cs,Fe,3,Hg,1,Cl
Cs2LiUCl6,Cs,Li,1,U,3,Cl
Cs2CrYbCl6,Cs,Cr,2,Yb,2,Cl
Cs2YbAuCl6,Cs,Yb,3,Au,1,Cl
Cs2RbNbCl6,Cs,Rb,1,Nb,3,Cl
Cs2SmYbCl6,Cs,Sm,2,Yb,2,Cl
Cs2CdNdCl6,Cs,Cd,2,Nd,2,Cl
Cs2PFrCl6,Cs,P,3,Fr,1,Cl
Cs2EuDyCl6,Cs,Eu,2,Dy,2,Cl
Cs2RbTaCl6,Cs,Rb,1,Ta,3,Cl
Cs2TmAmCl6,Cs,Tm,2,Am,2,Cl
Cs2KLuCl6,Cs,K,1,Lu,3,Cl
Cs2NaPdCl6,Cs,Na,1,Pd,3,Cl
Cs2MnTmCl6,Cs,Mn,2,Tm,2,Cl
Cs2CuNpCl6,Cs,Cu,1,Np,3,Cl
Cs2UCl6,Cs,U,4,Vac,0,Cl
Cs2NaSbCl6,Cs,Na,1,Sb,3,Cl
Cs2CuCeCl6,Cs,Cu,1,Ce,3,Cl
Cs2CrRaCl6,Cs,Cr,2,Ra,2,Cl
Cs2ScTlCl6,Cs,Sc,3,Tl,1,Cl
Cs2KYbCl6,Cs,K,1,Yb,3,Cl
Cs2SrDyCl6,Cs,Sr,2,Dy,2,Cl
Cs2TmAuCl6,Cs,Tm,3,Au,1,Cl
Cs2SmTmCl6,Cs,Sm,2,Tm,2,Cl
Cs2MnYbCl6,Cs,Mn,2,Yb,2,Cl
Cs2CuPuCl6,Cs,Cu,1,Pu,3,Cl
Cs2BTlCl6,Cs,B,3,Tl,1,Cl
Cs2NiHgCl6,Cs,Ni,3,Hg,1,Cl
Cs2LiNpCl6,Cs,Li,1,Np,3,Cl
Cs2ZnTmCl6,Cs,Zn,2,Tm,2,Cl
Cs2GaAgCl6,Cs,Ga,3,Ag,1,Cl
Cs2NaAgCl6,Cs,Na,1,Ag,3,Cl
Cs2LiCeCl6,Cs,Li,1,Ce,3,Cl
Cs2AsHgCl6,Cs,As,3,Hg,1,Cl
Cs2CoHgCl6,Cs,Co,3,Hg,1,Cl
Cs2CoDyCl6,Cs,Co,2,Dy,2,Cl
Cs2AuTlCl6,Cs,Au,1,Tl,3,Cl
Cs2CaCrCl6,Cs,Ca,2,Cr,2,Cl
Cs2NaScCl6,Cs,Na,1,Sc,3,Cl
Cs2CrAgCl6,Cs,Cr,3,Ag,1,Cl
Cs2FeDyCl6,Cs,Fe,2,Dy,2,Cl
Cs2MnAgCl6,Cs,Mn,3,Ag,1,Cl
Cs2ErAuCl6,Cs,Er,3,Au,1,Cl
Cs2KTmCl6,Cs,K,1,Tm,3,Cl
Cs2SbTlCl6,Cs,Sb,3,Tl,1,Cl
Cs2DyPbCl6,Cs,Dy,2,Pb,2,Cl
Cs2GeTmCl6,Cs,Ge,2,Tm,2,Cl
Cs2ZnYbCl6,Cs,Zn,2,Yb,2,Cl
Cs2NiDyCl6,Cs,Ni,2,Dy,2,Cl
Cs2ZnHgCl6,Cs,Zn,2,Hg,2,Cl
Cs2CuPrCl6,Cs,Cu,1,Pr,3,Cl
Cs2LiPuCl6,Cs,Li,1,Pu,3,Cl
Cs2KTlCl6,Cs,K,1,Tl,3,Cl
Cs2ScRbCl6,Cs,Sc,3,Rb,1,Cl
Cs2CuNdCl6,Cs,Cu,1,Nd,3,Cl
Cs2RbAgCl6,Cs,Rb,1,Ag,3,Cl
Cs2YAuCl6,Cs,Y,3,Au,1,Cl
Cs2KErCl6,Cs,K,1,Er,3,Cl
Cs2VRaCl6,Cs,V,2,Ra,2,Cl
Cs2EuNpCl6,Cs,Eu,2,Np,2,Cl
Cs2AgAcCl6,Cs,Ag,1,Ac,3,Cl
Cs2HoAuCl6,Cs,Ho,3,Au,1,Cl
Cs2GeYbCl6,Cs,Ge,2,Yb,2,Cl
Cs2MgTmCl6,Cs,Mg,2,Tm,2,Cl
Cs2GeHgCl6,Cs,Ge,2,Hg,2,Cl
Cs2LiPrCl6,Cs,Li,1,Pr,3,Cl
Cs2CdPtCl6,Cs,Cd,2,Pt,2,Cl
Cs2CaMnCl6,Cs,Ca,2,Mn,2,Cl
Cs2CuAmCl6,Cs,Cu,1,Am,3,Cl
Cs2LiNdCl6,Cs,Li,1,Nd,3,Cl
Cs2RbPdCl6,Cs,Rb,1,Pd,3,Cl
Cs2KYCl6,Cs,K,1,Y,3,Cl
Cs2DyAmCl6,Cs,Dy,2,Am,2,Cl
Cs2PtRaCl6,Cs,Pt,2,Ra,2,Cl
Cs2SrNpCl6,Cs,Sr,2,Np,2,Cl
Cs2RbSbCl6,Cs,Rb,1,Sb,3,Cl
Cs2CuPmCl6,Cs,Cu,1,Pm,3,Cl
Cs2NaTaCl6,Cs,Na,1,Ta,3,Cl
Cs2VCdCl6,Cs,V,2,Cd,2,Cl
Cs2NpCl6,Cs,Np,4,Vac,0,Cl
Cs2BeNdCl6,Cs,Be,2,Nd,2,Cl
Cs2MgYbCl6,Cs,Mg,2,Yb,2,Cl
Cs2MgHgCl6,Cs,Mg,2,Hg,2,Cl
Cs2NaNbCl6,Cs,Na,1,Nb,3,Cl
Cs2CaZnCl6,Cs,Ca,2,Zn,2,Cl
Cs2AgPtCl6,Cs,Ag,2,Pt,2,Cl
Cs2CuCmCl6,Cs,Cu,1,Cm,3,Cl
Cs2CeCl6,Cs,Ce,4,Vac,0,Cl
Cs2KHoCl6,Cs,K,1,Ho,3,Cl
Cs2DyAuCl6,Cs,Dy,3,Au,1,Cl
Cs2LiAmCl6,Cs,Li,1,Am,3,Cl
Cs2AgBaCl6,Cs,Ag,2,Ba,2,Cl
Cs2SmDyCl6,Cs,Sm,2,Dy,2,Cl
Cs2CaNdCl6,Cs,Ca,2,Nd,2,Cl
Cs2PbNpCl6,Cs,Pb,2,Np,2,Cl
Cs2CuHgCl6,Cs,Cu,3,Hg,1,Cl
Cs2CaCuCl6,Cs,Ca,2,Cu,2,Cl
Cs2CaGeCl6,Cs,Ca,2,Ge,2,Cl
Cs2LiPmCl6,Cs,Li,1,Pm,3,Cl
Cs2LiCmCl6,Cs,Li,1,Cm,3,Cl
Cs2AsAgCl6,Cs,As,3,Ag,1,Cl
Cs2KDyCl6,Cs,K,1,Dy,3,Cl
Cs2CuSmCl6,Cs,Cu,1,Sm,3,Cl
Cs2CoTmCl6,Cs,Co,2,Tm,2,Cl
Cs2TbAuCl6,Cs,Tb,3,Au,1,Cl
Cs2FeTmCl6,Cs,Fe,2,Tm,2,Cl
Cs2AlHgCl6,Cs,Al,3,Hg,1,Cl
Cs2MgCaCl6,Cs,Mg,2,Ca,2,Cl
Cs2PuCl6,Cs,Pu,4,Vac,0,Cl
Cs2NiTmCl6,Cs,Ni,2,Tm,2,Cl
Cs2InTlCl6,Cs,In,3,Tl,1,Cl
Cs2CdBaCl6,Cs,Cd,2,Ba,2,Cl
Cs2LiSmCl6,Cs,Li,1,Sm,3,Cl
Cs2CoYbCl6,Cs,Co,2,Yb,2,Cl
Cs2CuEuCl6,Cs,Cu,1,Eu,3,Cl
Cs2KTbCl6,Cs,K,1,Tb,3,Cl
Cs2FeYbCl6,Cs,Fe,2,Yb,2,Cl
Cs2CrCdCl6,Cs,Cr,2,Cd,2,Cl
Cs2GdAuCl6,Cs,Gd,3,Au,1,Cl
Cs2NaMoCl6,Cs,Na,1,Mo,3,Cl
Cs2NiYbCl6,Cs,Ni,2,Yb,2,Cl
Cs2PdAcCl6,Cs,Pd,1,Ac,3,Cl
Cs2HgAcCl6,Cs,Hg,1,Ac,3,Cl
Cs2NpAmCl6,Cs,Np,2,Am,2,Cl
Cs2NdYbCl6,Cs,Nd,2,Yb,2,Cl
Cs2CuGdCl6,Cs,Cu,1,Gd,3,Cl
Cs2LiEuCl6,Cs,Li,1,Eu,3,Cl
Cs2EuAuCl6,Cs,Eu,3,Au,1,Cl
Cs2KGdCl6,Cs,K,1,Gd,3,Cl
Cs2AmCl6,Cs,Am,4,Vac,0,Cl
Cs2NaRuCl6,Cs,Na,1,Ru,3,Cl
Cs2NaIrCl6,Cs,Na,1,Ir,3,Cl
Cs2MnCdCl6,Cs,Mn,2,Cd,2,Cl
Cs2CmCl6,Cs,Cm,4,Vac,0,Cl
Cs2PrCl6,Cs,Pr,4,Vac,0,Cl
Cs2RbInCl6,Cs,Rb,1,In,3,Cl
Cs2NdTmCl6,Cs,Nd,2,Tm,2,Cl
Cs2SmNpCl6,Cs,Sm,2,Np,2,Cl
Cs2LiGdCl6,Cs,Li,1,Gd,3,Cl
Cs2CaCoCl6,Cs,Ca,2,Co,2,Cl
Cs2CaFeCl6,Cs,Ca,2,Fe,2,Cl
Cs2CuTbCl6,Cs,Cu,1,Tb,3,Cl
Cs2KEuCl6,Cs,K,1,Eu,3,Cl
Cs2SmAuCl6,Cs,Sm,3,Au,1,Cl
Cs2CaNiCl6,Cs,Ca,2,Ni,2,Cl
Cs2ZnCdCl6,Cs,Zn,2,Cd,2,Cl
Cs2NaTiCl6,Cs,Na,1,Ti,3,Cl
Cs2AlAgCl6,Cs,Al,3,Ag,1,Cl
Cs2NaRhCl6,Cs,Na,1,Rh,3,Cl
Cs2LiTbCl6,Cs,Li,1,Tb,3,Cl
Cs2AlFrCl6,Cs,Al,3,Fr,1,Cl
Cs2CuDyCl6,Cs,Cu,1,Dy,3,Cl
Cs2ZnAgCl6,Cs,Zn,2,Ag,2,Cl
Cs2GeCdCl6,Cs,Ge,2,Cd,2,Cl
Cs2CuCdCl6,Cs,Cu,2,Cd,2,Cl
Cs2NRbCl6,Cs,N,3,Rb,1,Cl
Cs2KSmCl6,Cs,K,1,Sm,3,Cl
Cs2PmAuCl6,Cs,Pm,3,Au,1,Cl
Cs2CuFrCl6,Cs,Cu,3,Fr,1,Cl
Cs2TiRaCl6,Cs,Ti,2,Ra,2,Cl
Cs2AuCmCl6,Cs,Au,1,Cm,3,Cl
Cs2PdRaCl6,Cs,Pd,2,Ra,2,Cl
Cs2AuAmCl6,Cs,Au,1,Am,3,Cl
Cs2LiDyCl6,Cs,Li,1,Dy,3,Cl
Cs2CuHoCl6,Cs,Cu,1,Ho,3,Cl
Cs2GeAgCl6,Cs,Ge,2,Ag,2,Cl
Cs2CuAgCl6,Cs,Cu,2,Ag,2,Cl
Cs2CuYCl6,Cs,Cu,1,Y,3,Cl
Cs2BeSmCl6,Cs,Be,2,Sm,2,Cl
Cs2MgCdCl6,Cs,Mg,2,Cd,2,Cl
Cs2KPmCl6,Cs,K,1,Pm,3,Cl
Cs2SrEuCl6,Cs,Sr,2,Eu,2,Cl
Cs2CaBaCl6,Cs,Ca,2,Ba,2,Cl
Cs2KCmCl6,Cs,K,1,Cm,3,Cl
Cs2NdAuCl6,Cs,Nd,3,Au,1,Cl
Cs2KAmCl6,Cs,K,1,Am,3,Cl
Cs2LiHoCl6,Cs,Li,1,Ho,3,Cl
Cs2BeAmCl6,Cs,Be,2,Am,2,Cl
Cs2CuErCl6,Cs,Cu,1,Er,3,Cl
Cs2NTlCl6,Cs,N,3,Tl,1,Cl
Cs2MgAgCl6,Cs,Mg,2,Ag,2,Cl
Cs2NaVCl6,Cs,Na,1,V,3,Cl
Cs2PdPtCl6,Cs,Pd,2,Pt,2,Cl
Cs2TiPtCl6,Cs,Ti,2,Pt,2,Cl
Cs2LiYCl6,Cs,Li,1,Y,3,Cl
Cs2AgThCl6,Cs,Ag,1,Th,3,Cl
Cs2EuPbCl6,Cs,Eu,2,Pb,2,Cl
Cs2NdDyCl6,Cs,Nd,2,Dy,2,Cl
Cs2PrAuCl6,Cs,Pr,3,Au,1,Cl
Cs2LuTlCl6,Cs,Lu,3,Tl,1,Cl
Cs2CuTlCl6,Cs,Cu,1,Tl,3,Cl
Cs2KNdCl6,Cs,K,1,Nd,3,Cl
Cs2LiErCl6,Cs,Li,1,Er,3,Cl
Cs2CuTmCl6,Cs,Cu,1,Tm,3,Cl
Cs2TiVCl6,Cs,Ti,2,V,2,Cl
Cs2BKCl6,Cs,B,3,K,1,Cl
Cs2YbTlCl6,Cs,Yb,3,Tl,1,Cl
Cs2CoCdCl6,Cs,Co,2,Cd,2,Cl
Cs2SrPbCl6,Cs,Sr,2,Pb,2,Cl
Cs2AuPuCl6,Cs,Au,1,Pu,3,Cl
Cs2RbAuCl6,Cs,Rb,1,Au,3,Cl
Cs2BaHgCl6,Cs,Ba,2,Hg,2,Cl
Cs2KPrCl6,Cs,K,1,Pr,3,Cl
Cs2BaYbCl6,Cs,Ba,2,Yb,2,Cl
Cs2FeCdCl6,Cs,Fe,2,Cd,2,Cl
Cs2LiTlCl6,Cs,Li,1,Tl,3,Cl
Cs2LiTmCl6,Cs,Li,1,Tm,3,Cl
Cs2NaGaCl6,Cs,Na,1,Ga,3,Cl
Cs2BAuCl6,Cs,B,3,Au,1,Cl
Cs2BePbCl6,Cs,Be,2,Pb,2,Cl
Cs2NiCdCl6,Cs,Ni,2,Cd,2,Cl
Cs2CuYbCl6,Cs,Cu,1,Yb,3,Cl
Cs2CoFrCl6,Cs,Co,3,Fr,1,Cl
Cs2CoAgCl6,Cs,Co,2,Ag,2,Cl
Cs2NaCrCl6,Cs,Na,1,Cr,3,Cl
Cs2FeAgCl6,Cs,Fe,2,Ag,2,Cl
Cs2EuAmCl6,Cs,Eu,2,Am,2,Cl
Cs2AsFrCl6,Cs,As,3,Fr,1,Cl
Cs2BaTmCl6,Cs,Ba,2,Tm,2,Cl
Cs2AuNpCl6,Cs,Au,1,Np,3,Cl
Cs2CeAuCl6,Cs,Ce,3,Au,1,Cl
Cs2KPuCl6,Cs,K,1,Pu,3,Cl
Cs2NiFrCl6,Cs,Ni,3,Fr,1,Cl
Cs2TmTlCl6,Cs,Tm,3,Tl,1,Cl
Cs2RbLuCl6,Cs,Rb,1,Lu,3,Cl
Cs2NaMnCl6,Cs,Na,1,Mn,3,Cl
Cs2CuLuCl6,Cs,Cu,1,Lu,3,Cl
Cs2PdPaCl6,Cs,Pd,1,Pa,3,Cl
Cs2NiAgCl6,Cs,Ni,2,Ag,2,Cl
Cs2PHgCl6,Cs,P,3,Hg,1,Cl
Cs2BeSrCl6,Cs,Be,2,Sr,2,Cl
Cs2TlTlCl6,Cs,Tl,1,Tl,3,Cl
Cs2LiYbCl6,Cs,Li,1,Yb,3,Cl
Cs2RbYbCl6,Cs,Rb,1,Yb,3,Cl
Cs2TiCrCl6,Cs,Ti,2,Cr,2,Cl
Cs2KCeCl6,Cs,K,1,Ce,3,Cl
Cs2NdNpCl6,Cs,Nd,2,Np,2,Cl
Cs2SmEuCl6,Cs,Sm,2,Eu,2,Cl
Cs2KNpCl6,Cs,K,1,Np,3,Cl
Cs2SrAmCl6,Cs,Sr,2,Am,2,Cl
Cs2ErTlCl6,Cs,Er,3,Tl,1,Cl
Cs2PdLaCl6,Cs,Pd,1,La,3,Cl
Cs2LiLuCl6,Cs,Li,1,Lu,3,Cl
Cs2BeEuCl6,Cs,Be,2,Eu,2,Cl
Cs2CuAuCl6,Cs,Cu,1,Au,3,Cl
Cs2PdBiCl6,Cs,Pd,1,Bi,3,Cl
Cs2AuUCl6,Cs,Au,1,U,3,Cl
Cs2NaFeCl6,Cs,Na,1,Fe,3,Cl
Cs2FeFrCl6,Cs,Fe,3,Fr,1,Cl
Cs2PdUCl6,Cs,Pd,1,U,3,Cl
Cs2HgThCl6,Cs,Hg,1,Th,3,Cl
Cs2SrSmCl6,Cs,Sr,2,Sm,2,Cl
Cs2AuBiCl6,Cs,Au,1,Bi,3,Cl
Cs2PbAmCl6,Cs,Pb,2,Am,2,Cl
Cs2RbTmCl6,Cs,Rb,1,Tm,3,Cl
Cs2YTlCl6,Cs,Y,3,Tl,1,Cl
Cs2HoTlCl6,Cs,Ho,3,Tl,1,Cl
Cs2LaAuCl6,Cs,La,3,Au,1,Cl
Cs2LiAuCl6,Cs,Li,1,Au,3,Cl
Cs2TiMnCl6,Cs,Ti,2,Mn,2,Cl
Cs2RbTlCl6,Cs,Rb,1,Tl,3,Cl
Cs2KUCl6,Cs,K,1,U,3,Cl
Cs2RbErCl6,Cs,Rb,1,Er,3,Cl
Cs2KBiCl6,Cs,K,1,Bi,3,Cl
Cs2SmPbCl6,Cs,Sm,2,Pb,2,Cl
Cs2AuPaCl6,Cs,Au,1,Pa,3,Cl
Cs2KLaCl6,Cs,K,1,La,3,Cl
Cs2DyTlCl6,Cs,Dy,3,Tl,1,Cl
Cs2MnFrCl6,Cs,Mn,3,Fr,1,Cl
Cs2ZnPdCl6,Cs,Zn,2,Pd,2,Cl
Cs2NaAsCl6,Cs,Na,1,As,3,Cl
Cs2PdNpCl6,Cs,Pd,1,Np,3,Cl
Cs2NaNiCl6,Cs,Na,1,Ni,3,Cl
Cs2PdCeCl6,Cs,Pd,1,Ce,3,Cl
Cs2TiZnCl6,Cs,Ti,2,Zn,2,Cl
Cs2CrFrCl6,Cs,Cr,3,Fr,1,Cl
Cs2NaCoCl6,Cs,Na,1,Co,3,Cl
Cs2KPaCl6,Cs,K,1,Pa,3,Cl
Cs2GaFrCl6,Cs,Ga,3,Fr,1,Cl
Cs2RbYCl6,Cs,Rb,1,Y,3,Cl
Cs2AgRaCl6,Cs,Ag,2,Ra,2,Cl
Cs2BaDyCl6,Cs,Ba,2,Dy,2,Cl
Cs2RbHoCl6,Cs,Rb,1,Ho,3,Cl
Cs2GePdCl6,Cs,Ge,2,Pd,2,Cl
Cs2PAgCl6,Cs,P,3,Ag,1,Cl
Cs2TiGeCl6,Cs,Ti,2,Ge,2,Cl
Cs2PdPuCl6,Cs,Pd,1,Pu,3,Cl
Cs2CuPdCl6,Cs,Cu,2,Pd,2,Cl
Cs2VPtCl6,Cs,V,2,Pt,2,Cl
Cs2TbTlCl6,Cs,Tb,3,Tl,1,Cl
Cs2SmAmCl6,Cs,Sm,2,Am,2,Cl
Cs2CdRaCl6,Cs,Cd,2,Ra,2,Cl
Cs2MgPdCl6,Cs,Mg,2,Pd,2,Cl
Cs2PdPrCl6,Cs,Pd,1,Pr,3,Cl
Cs2MgTiCl6,Cs,Mg,2,Ti,2,Cl
Cs2RbDyCl6,Cs,Rb,1,Dy,3,Cl
Cs2PdNdCl6,Cs,Pd,1,Nd,3,Cl
Cs2GdTlCl6,Cs,Gd,3,Tl,1,Cl
Cs2VFrCl6,Cs,V,3,Fr,1,Cl
Cs2CuInCl6,Cs,Cu,1,In,3,Cl
Cs2RbTbCl6,Cs,Rb,1,Tb,3,Cl
Cs2CrPtCl6,Cs,Cr,2,Pt,2,Cl
Cs2PdAmCl6,Cs,Pd,1,Am,3,Cl
Cs2EuTlCl6,Cs,Eu,3,Tl,1,Cl
Cs2NaCuCl6,Cs,Na,1,Cu,3,Cl
Cs2LiInCl6,Cs,Li,1,In,3,Cl
Cs2PdPmCl6,Cs,Pd,1,Pm,3,Cl
Cs2PdCmCl6,Cs,Pd,1,Cm,3,Cl
Cs2BaNpCl6,Cs,Ba,2,Np,2,Cl
Cs2CoPdCl6,Cs,Co,2,Pd,2,Cl
Cs2TiCoCl6,Cs,Ti,2,Co,2,Cl
Cs2TiFeCl6,Cs,Ti,2,Fe,2,Cl
Cs2VCrCl6,Cs,V,2,Cr,2,Cl
Cs2NaAlCl6,Cs,Na,1,Al,3,Cl
Cs2FePdCl6,Cs,Fe,2,Pd,2,Cl
Cs2RbGdCl6,Cs,Rb,1,Gd,3,Cl
Cs2SmTlCl6,Cs,Sm,3,Tl,1,Cl
Cs2TiNiCl6,Cs,Ti,2,Ni,2,Cl
Cs2MnPtCl6,Cs,Mn,2,Pt,2,Cl
Cs2NiPdCl6,Cs,Ni,2,Pd,2,Cl
Cs2PbCl6,Cs,Pb,4,Vac,0,Cl
Cs2BeNpCl6,Cs,Be,2,Np,2,Cl
Cs2NdEuCl6,Cs,Nd,2,Eu,2,Cl
Cs2PdSmCl6,Cs,Pd,1,Sm,3,Cl
Cs2RhFrCl6,Cs,Rh,3,Fr,1,Cl
Cs2RbEuCl6,Cs,Rb,1,Eu,3,Cl
Cs2VMnCl6,Cs,V,2,Mn,2,Cl
Cs2NKCl6,Cs,N,3,K,1,Cl
Cs2ZnPtCl6,Cs,Zn,2,Pt,2,Cl
Cs2PmTlCl6,Cs,Pm,3,Tl,1,Cl
Cs2SrNdCl6,Cs,Sr,2,Nd,2,Cl
Cs2TiFrCl6,Cs,Ti,3,Fr,1,Cl
Cs2TlCmCl6,Cs,Tl,1,Cm,3,Cl
Cs2PdEuCl6,Cs,Pd,1,Eu,3,Cl
Cs2TlAmCl6,Cs,Tl,1,Am,3,Cl
Cs2CuSbCl6,Cs,Cu,1,Sb,3,Cl
Cs2GePtCl6,Cs,Ge,2,Pt,2,Cl
Cs2VZnCl6,Cs,V,2,Zn,2,Cl
Cs2CuPtCl6,Cs,Cu,2,Pt,2,Cl
Cs2NAuCl6,Cs,N,3,Au,1,Cl
Cs2RbSmCl6,Cs,Rb,1,Sm,3,Cl
Cs2PdGdCl6,Cs,Pd,1,Gd,3,Cl
Cs2IrFrCl6,Cs,Ir,3,Fr,1,Cl
Cs2RuFrCl6,Cs,Ru,3,Fr,1,Cl
Cs2CaRaCl6,Cs,Ca,2,Ra,2,Cl
Cs2NdPbCl6,Cs,Nd,2,Pb,2,Cl
Cs2NdTlCl6,Cs,Nd,3,Tl,1,Cl
Cs2VGeCl6,Cs,V,2,Ge,2,Cl
Cs2BeDyCl6,Cs,Be,2,Dy,2,Cl
Cs2MgPtCl6,Cs,Mg,2,Pt,2,Cl
Cs2TbCl6,Cs,Tb,4,Vac,0,Cl
Cs2LiSbCl6,Cs,Li,1,Sb,3,Cl
Cs2LiPdCl6,Cs,Li,1,Pd,3,Cl
Cs2AuAcCl6,Cs,Au,1,Ac,3,Cl
Cs2PrTlCl6,Cs,Pr,3,Tl,1,Cl
Cs2MoFrCl6,Cs,Mo,3,Fr,1,Cl
Cs2RbCmCl6,Cs,Rb,1,Cm,3,Cl
Cs2RbPmCl6,Cs,Rb,1,Pm,3,Cl
Cs2CrMnCl6,Cs,Cr,2,Mn,2,Cl
Cs2ScCuCl6,Cs,Sc,3,Cu,1,Cl
Cs2PdTbCl6,Cs,Pd,1,Tb,3,Cl
Cs2RbAmCl6,Cs,Rb,1,Am,3,Cl
Cs2MgVCl6,Cs,Mg,2,V,2,Cl
Cs2LiAgCl6,Cs,Li,1,Ag,3,Cl
Cs2KAcCl6,Cs,K,1,Ac,3,Cl
Cs2HgRaCl6,Cs,Hg,2,Ra,2,Cl
Cs2YbRaCl6,Cs,Yb,2,Ra,2,Cl
Cs2NdAmCl6,Cs,Nd,2,Am,2,Cl
Cs2TlPuCl6,Cs,Tl,1,Pu,3,Cl
Cs2LiScCl6,Cs,Li,1,Sc,3,Cl
Cs2CrZnCl6,Cs,Cr,2,Zn,2,Cl
Cs2RbNdCl6,Cs,Rb,1,Nd,3,Cl
Cs2PdDyCl6,Cs,Pd,1,Dy,3,Cl
Cs2CoPtCl6,Cs,Co,2,Pt,2,Cl
Cs2CrGeCl6,Cs,Cr,2,Ge,2,Cl
Cs2FePtCl6,Cs,Fe,2,Pt,2,Cl
Cs2TmRaCl6,Cs,Tm,2,Ra,2,Cl
Cs2TlNpCl6,Cs,Tl,1,Np,3,Cl
Cs2RbPrCl6,Cs,Rb,1,Pr,3,Cl
Cs2NdSmCl6,Cs,Nd,2,Sm,2,Cl
Cs2CeTlCl6,Cs,Ce,3,Tl,1,Cl
Cs2PdHoCl6,Cs,Pd,1,Ho,3,Cl
Cs2YPdCl6,Cs,Y,3,Pd,1,Cl
Cs2NiPtCl6,Cs,Ni,2,Pt,2,Cl
Cs2CuTaCl6,Cs,Cu,1,Ta,3,Cl
Cs2CuNbCl6,Cs,Cu,1,Nb,3,Cl
Cs2MnZnCl6,Cs,Mn,2,Zn,2,Cl
Cs2VCoCl6,Cs,V,2,Co,2,Cl
Cs2MgCrCl6,Cs,Mg,2,Cr,2,Cl
Cs2VFeCl6,Cs,V,2,Fe,2,Cl
Cs2RbPuCl6,Cs,Rb,1,Pu,3,Cl
Cs2NbFrCl6,Cs,Nb,3,Fr,1,Cl
Cs2TaFrCl6,Cs,Ta,3,Fr,1,Cl
Cs2BaEuCl6,Cs,Ba,2,Eu,2,Cl
Cs2PdErCl6,Cs,Pd,1,Er,3,Cl
Cs2VNiCl6,Cs,V,2,Ni,2,Cl
Cs2LiTaCl6,Cs,Li,1,Ta,3,Cl
Cs2MnGeCl6,Cs,Mn,2,Ge,2,Cl
Cs2BeTmCl6,Cs,Be,2,Tm,2,Cl
Cs2LiNbCl6,Cs,Li,1,Nb,3,Cl
Cs2TlUCl6,Cs,Tl,1,U,3,Cl
Cs2PdTlCl6,Cs,Pd,1,Tl,3,Cl
