CsAgLuCl,Cs,Ag,1,Lu,3,Cl,1000
CsAuVCl,Cs,Au,1,V,3,Cl,1001
CsNaPrCl,Cs,Na,1,Pr,3,Cl,1002
CsAgDyCl,Cs,Ag,2,Dy,2,Cl,1003
CsMgNdCl,Cs,Mg,2,Nd,2,Cl,1004
CsVSmCl,Cs,V,2,Sm,2,Cl,1005
CsPtAmCl,Cs,Pt,2,Am,2,Cl,1006
CsAgYbCl,Cs,Ag,1,Yb,3,Cl,1007
CsSmPtCl,Cs,Sm,2,Pt,2,Cl,1008
CsKVCl,Cs,K,1,V,3,Cl,1009
CsCaHgCl,Cs,Ca,2,Hg,2,Cl,1010
CsCaYbCl,Cs,Ca,2,Yb,2,Cl,1011
CsNaPuCl,Cs,Na,1,Pu,3,Cl,1012
CsGeNdCl,Cs,Ge,2,Nd,2,Cl,1013
CsCdDyCl,Cs,Cd,2,Dy,2,Cl,1014
CsCuNdCl,Cs,Cu,2,Nd,2,Cl,1015
CsNaNdCl,Cs,Na,1,Nd,3,Cl,1016
CsAgAuCl,Cs,Ag,1,Au,3,Cl,1017
CsKGaCl,Cs,K,1,Ga,3,Cl,1018
CsVAmCl,Cs,V,2,Am,2,Cl,1019
CsPdEuCl,Cs,Pd,2,Eu,2,Cl,1020
CsTiEuCl,Cs,Ti,2,Eu,2,Cl,1021
CsNaNpCl,Cs,Na,1,Np,3,Cl,1022
CsAgTmCl,Cs,Ag,1,Tm,3,Cl,1023
CsZnNdCl,Cs,Zn,2,Nd,2,Cl,1024
CsNaCeCl,Cs,Na,1,Ce,3,Cl,1025
CsCaTmCl,Cs,Ca,2,Tm,2,Cl,1026
CsNaAmCl,Cs,Na,1,Am,3,Cl,1027
CsKCrCl,Cs,K,1,Cr,3,Cl,1028
CsKMnCl,Cs,K,1,Mn,3,Cl,1029
CsAgTlCl,Cs,Ag,1,Tl,3,Cl,1030
CsAuRhCl,Cs,Au,1,Rh,3,Cl,1031
CsTlAlCl,Cs,Tl,1,Al,3,Cl,1032
CsPtPbCl,Cs,Pt,2,Pb,2,Cl,1033
CsHgInCl,Cs,Hg,1,In,3,Cl,1034
CsNaCmCl,Cs,Na,1,Cm,3,Cl,1035
CsAuGaCl,Cs,Au,1,Ga,3,Cl,1036
CsNaPmCl,Cs,Na,1,Pm,3,Cl,1037
CsCoNdCl,Cs,Co,2,Nd,2,Cl,1038
CsYbHgCl,Cs,Yb,2,Hg,2,Cl,1039
CsNiBaCl,Cs,Ni,2,Ba,2,Cl,1040
CsSrPdCl,Cs,Sr,2,Pd,2,Cl,1041
CsAuTiCl,Cs,Au,1,Ti,3,Cl,1042
CsTlCuCl,Cs,Tl,1,Cu,3,Cl,1043
CsTiSrCl,Cs,Ti,2,Sr,2,Cl,1044
CsHgAuCl,Cs,Hg,1,Au,3,Cl,1045
CsAgErCl,Cs,Ag,1,Er,3,Cl,1046
CsMnNdCl,Cs,Mn,2,Nd,2,Cl,1047
CsAgNpCl,Cs,Ag,2,Np,2,Cl,1048
CsAuCrCl,Cs,Au,1,Cr,3,Cl,1049
CsFeNdCl,Cs,Fe,2,Nd,2,Cl,1050
CsCrSmCl,Cs,Cr,2,Sm,2,Cl,1051
CsAuMnCl,Cs,Au,1,Mn,3,Cl,1052
CsNaUCl,Cs,Na,1,U,3,Cl,1053
CsFeBaCl,Cs,Fe,2,Ba,2,Cl,1054
CsKRhCl,Cs,K,1,Rh,3,Cl,1055
CsNiNdCl,Cs,Ni,2,Nd,2,Cl,1056
CsVPbCl,Cs,V,2,Pb,2,Cl,1057
CsSrPtCl,Cs,Sr,2,Pt,2,Cl,1058
CsCdTmCl,Cs,Cd,2,Tm,2,Cl,1059
CsCoBaCl,Cs,Co,2,Ba,2,Cl,1060
CsCuThCl,Cs,Cu,1,Th,3,Cl,1061
CsNaSmCl,Cs,Na,1,Sm,3,Cl,1062
CsKFeCl,Cs,K,1,Fe,3,Cl,1063
CsTiPbCl,Cs,Ti,2,Pb,2,Cl,1064
CsPdPbCl,Cs,Pd,2,Pb,2,Cl,1065
CsAuRuCl,Cs,Au,1,Ru,3,Cl,1066
CsAuIrCl,Cs,Au,1,Ir,3,Cl,1067
CsTmYbCl,Cs,Tm,2,Yb,2,Cl,1068
CsTmHgCl,Cs,Tm,2,Hg,2,Cl,1069
CsKTiCl,Cs,K,1,Ti,3,Cl,1070
CsCdNpCl,Cs,Cd,2,Np,2,Cl,1071
CsNaBiCl,Cs,Na,1,Bi,3,Cl,1072
CsAgYCl,Cs,Ag,1,Y,3,Cl,1073
CsHgLuCl,Cs,Hg,1,Lu,3,Cl,1074
CsAgHoCl,Cs,Ag,1,Ho,3,Cl,1075
CsNaLaCl,Cs,Na,1,La,3,Cl,1076
CsCrAmCl,Cs,Cr,2,Am,2,Cl,1077
CsCrNdCl,Cs,Cr,2,Nd,2,Cl,1078
CsRbAlCl,Cs,Rb,1,Al,3,Cl,1079
CsCdYbCl,Cs,Cd,2,Yb,2,Cl,1080
CsCdHgCl,Cs,Cd,2,Hg,2,Cl,1081
CsVSrCl,Cs,V,2,Sr,2,Cl,1082
CsMnSmCl,Cs,Mn,2,Sm,2,Cl,1083
CsEuPtCl,Cs,Eu,2,Pt,2,Cl,1084
CsLiThCl,Cs,Li,1,Th,3,Cl,1085
CsHgYbCl,Cs,Hg,1,Yb,3,Cl,1086
CsAuFeCl,Cs,Au,1,Fe,3,Cl,1087
CsNaEuCl,Cs,Na,1,Eu,3,Cl,1088
CsNaPaCl,Cs,Na,1,Pa,3,Cl,1089
CsKIrCl,Cs,K,1,Ir,3,Cl,1090
CsRbCuCl,Cs,Rb,1,Cu,3,Cl,1091
CsAuMoCl,Cs,Au,1,Mo,3,Cl,1092
CsKRuCl,Cs,K,1,Ru,3,Cl,1093
CsKAsCl,Cs,K,1,As,3,Cl,1094
CsZnSmCl,Cs,Zn,2,Sm,2,Cl,1095
CsRbPCl,Cs,Rb,1,P,3,Cl,1096
CsVEuCl,Cs,V,2,Eu,2,Cl,1097
CsKNiCl,Cs,K,1,Ni,3,Cl,1098
CsPdNpCl,Cs,Pd,2,Np,2,Cl,1099
CsFrNCl,Cs,Fr,1,N,3,Cl,1100
CsAgHgCl,Cs,Ag,2,Hg,2,Cl,1101
CsTiNpCl,Cs,Ti,2,Np,2,Cl,1102
CsMnAmCl,Cs,Mn,2,Am,2,Cl,1103
CsNaGdCl,Cs,Na,1,Gd,3,Cl,1104
CsKCoCl,Cs,K,1,Co,3,Cl,1105
CsTiAmCl,Cs,Ti,2,Am,2,Cl,1106
CsHgTmCl,Cs,Hg,1,Tm,3,Cl,1107
CsKMoCl,Cs,K,1,Mo,3,Cl,1108
CsFrBCl,Cs,Fr,1,B,3,Cl,1109
CsMgBaCl,Cs,Mg,2,Ba,2,Cl,1110
CsPdAmCl,Cs,Pd,2,Am,2,Cl,1111
CsCaDyCl,Cs,Ca,2,Dy,2,Cl,1112
CsCrPbCl,Cs,Cr,2,Pb,2,Cl,1113
CsAgTbCl,Cs,Ag,1,Tb,3,Cl,1114
CsHgTlCl,Cs,Hg,1,Tl,3,Cl,1115
CsZnAmCl,Cs,Zn,2,Am,2,Cl,1116
CsGeSmCl,Cs,Ge,2,Sm,2,Cl,1117
CsAuNiCl,Cs,Au,1,Ni,3,Cl,1118
CsAuAsCl,Cs,Au,1,As,3,Cl,1119
CsHgSbCl,Cs,Hg,1,Sb,3,Cl,1120
CsHgPdCl,Cs,Hg,1,Pd,3,Cl,1121
CsCaCdCl,Cs,Ca,2,Cd,2,Cl,1122
CsCuSmCl,Cs,Cu,2,Sm,2,Cl,1123
CsAgInCl,Cs,Ag,1,In,3,Cl,1124
CsTlCoCl,Cs,Tl,1,Co,3,Cl,1125
CsAuCoCl,Cs,Au,1,Co,3,Cl,1126
CsVNdCl,Cs,V,2,Nd,2,Cl,1127
CsTlNiCl,Cs,Tl,1,Ni,3,Cl,1128
CsGeBaCl,Cs,Ge,2,Ba,2,Cl,1129
CsPdSmCl,Cs,Pd,2,Sm,2,Cl,1130
CsTlAsCl,Cs,Tl,1,As,3,Cl,1131
CsCuBaCl,Cs,Cu,2,Ba,2,Cl,1132
CsHgErCl,Cs,Hg,1,Er,3,Cl,1133
CsTiSmCl,Cs,Ti,2,Sm,2,Cl,1134
CsCrSrCl,Cs,Cr,2,Sr,2,Cl,1135
CsNaTbCl,Cs,Na,1,Tb,3,Cl,1136
CsGeAmCl,Cs,Ge,2,Am,2,Cl,1137
CsCuAmCl,Cs,Cu,2,Am,2,Cl,1138
CsTlPCl,Cs,Tl,1,P,3,Cl,1139
CsMgSmCl,Cs,Mg,2,Sm,2,Cl,1140
CsHgAgCl,Cs,Hg,1,Ag,3,Cl,1141
CsTeVacCl,Cs,Te,4,Vac,0,Cl,1142
CsMnPbCl,Cs,Mn,2,Pb,2,Cl,1143
CsCaAgCl,Cs,Ca,2,Ag,2,Cl,1144
CsAgGdCl,Cs,Ag,1,Gd,3,Cl,1145
CsAuNbCl,Cs,Au,1,Nb,3,Cl,1146
CsZnBaCl,Cs,Zn,2,Ba,2,Cl,1147
CsAuTaCl,Cs,Au,1,Ta,3,Cl,1148
CsDyHgCl,Cs,Dy,2,Hg,2,Cl,1149
CsNdPtCl,Cs,Nd,2,Pt,2,Cl,1150
CsHgYCl,Cs,Hg,1,Y,3,Cl,1151
CsDyYbCl,Cs,Dy,2,Yb,2,Cl,1152
CsHgHoCl,Cs,Hg,1,Ho,3,Cl,1153
CsCrEuCl,Cs,Cr,2,Eu,2,Cl,1154
CsHgScCl,Cs,Hg,1,Sc,3,Cl,1155
CsNaDyCl,Cs,Na,1,Dy,3,Cl,1156
CsTiDyCl,Cs,Ti,2,Dy,2,Cl,1157
CsBeRaCl,Cs,Be,2,Ra,2,Cl,1158
CsMnSrCl,Cs,Mn,2,Sr,2,Cl,1159
CsZnPbCl,Cs,Zn,2,Pb,2,Cl,1160
CsPdDyCl,Cs,Pd,2,Dy,2,Cl,1161
CsMgAmCl,Cs,Mg,2,Am,2,Cl,1162
CsAgEuCl,Cs,Ag,1,Eu,3,Cl,1163
CsRbCoCl,Cs,Rb,1,Co,3,Cl,1164
CsTlFeCl,Cs,Tl,1,Fe,3,Cl,1165
CsKTaCl,Cs,K,1,Ta,3,Cl,1166
CsDyTmCl,Cs,Dy,2,Tm,2,Cl,1167
CsCaNpCl,Cs,Ca,2,Np,2,Cl,1168
CsRbAsCl,Cs,Rb,1,As,3,Cl,1169
CsMnBaCl,Cs,Mn,2,Ba,2,Cl,1170
CsRbNiCl,Cs,Rb,1,Ni,3,Cl,1171
CsKNbCl,Cs,K,1,Nb,3,Cl,1172
CsHgDyCl,Cs,Hg,1,Dy,3,Cl,1173
CsNaHoCl,Cs,Na,1,Ho,3,Cl,1174
CsKCuCl,Cs,K,1,Cu,3,Cl,1175
CsZnSrCl,Cs,Zn,2,Sr,2,Cl,1176
CsNaYCl,Cs,Na,1,Y,3,Cl,1177
CsMnEuCl,Cs,Mn,2,Eu,2,Cl,1178
CsGePbCl,Cs,Ge,2,Pb,2,Cl,1179
CsCuPbCl,Cs,Cu,2,Pb,2,Cl,1180
CsAgSmCl,Cs,Ag,1,Sm,3,Cl,1181
CsCoSmCl,Cs,Co,2,Sm,2,Cl,1182
CsKAlCl,Cs,K,1,Al,3,Cl,1183
CsFeSmCl,Cs,Fe,2,Sm,2,Cl,1184
CsTlMnCl,Cs,Tl,1,Mn,3,Cl,1185
CsHgTbCl,Cs,Hg,1,Tb,3,Cl,1186
CsAuScCl,Cs,Au,1,Sc,3,Cl,1187
CsTlCrCl,Cs,Tl,1,Cr,3,Cl,1188
CsCrBaCl,Cs,Cr,2,Ba,2,Cl,1189
CsAgSbCl,Cs,Ag,1,Sb,3,Cl,1190
CsHgTaCl,Cs,Hg,1,Ta,3,Cl,1191
CsHgNbCl,Cs,Hg,1,Nb,3,Cl,1192
CsZnEuCl,Cs,Zn,2,Eu,2,Cl,1193
CsMgPbCl,Cs,Mg,2,Pb,2,Cl,1194
CsAuCuCl,Cs,Au,1,Cu,3,Cl,1195
CsGeSrCl,Cs,Ge,2,Sr,2,Cl,1196
CsCuSrCl,Cs,Cu,2,Sr,2,Cl,1197
CsNiSmCl,Cs,Ni,2,Sm,2,Cl,1198
CsAgPdCl,Cs,Ag,1,Pd,3,Cl,1199
CsNaErCl,Cs,Na,1,Er,3,Cl,1200
CsRbFeCl,Cs,Rb,1,Fe,3,Cl,1201
CsCoAmCl,Cs,Co,2,Am,2,Cl,1202
CsAgPmCl,Cs,Ag,1,Pm,3,Cl,1203
CsCdEuCl,Cs,Cd,2,Eu,2,Cl,1204
CsYbNpCl,Cs,Yb,2,Np,2,Cl,1205
CsHgNpCl,Cs,Hg,2,Np,2,Cl,1206
CsSrAgCl,Cs,Sr,2,Ag,2,Cl,1207
CsAuAgCl,Cs,Au,1,Ag,3,Cl,1208
CsTlGaCl,Cs,Tl,1,Ga,3,Cl,1209
CsAgCmCl,Cs,Ag,1,Cm,3,Cl,1210
CsNaTlCl,Cs,Na,1,Tl,3,Cl,1211
CsFeAmCl,Cs,Fe,2,Am,2,Cl,1212
CsAuAlCl,Cs,Au,1,Al,3,Cl,1213
CsKScCl,Cs,K,1,Sc,3,Cl,1214
CsAgAmCl,Cs,Ag,1,Am,3,Cl,1215
CsPtNpCl,Cs,Pt,2,Np,2,Cl,1216
CsMgSrCl,Cs,Mg,2,Sr,2,Cl,1217
CsNaTmCl,Cs,Na,1,Tm,3,Cl,1218
CsCuEuCl,Cs,Cu,2,Eu,2,Cl,1219
CsNiAmCl,Cs,Ni,2,Am,2,Cl,1220
CsAgAgCl,Cs,Ag,1,Ag,3,Cl,1221
CsGeEuCl,Cs,Ge,2,Eu,2,Cl,1222
CsHgGdCl,Cs,Hg,1,Gd,3,Cl,1223
CsTmNpCl,Cs,Tm,2,Np,2,Cl,1224
CsAuSbCl,Cs,Au,1,Sb,3,Cl,1225
CsAgPbCl,Cs,Ag,2,Pb,2,Cl,1226
CsAuPdCl,Cs,Au,1,Pd,3,Cl,1227
CsSrCdCl,Cs,Sr,2,Cd,2,Cl,1228
CsKAgCl,Cs,K,1,Ag,3,Cl,1229
CsAgScCl,Cs,Ag,1,Sc,3,Cl,1230
CsRbMnCl,Cs,Rb,1,Mn,3,Cl,1231
CsAgNdCl,Cs,Ag,1,Nd,3,Cl,1232
CsRbCrCl,Cs,Rb,1,Cr,3,Cl,1233
CsVNpCl,Cs,V,2,Np,2,Cl,1234
CsPdTmCl,Cs,Pd,2,Tm,2,Cl,1235
CsTiTmCl,Cs,Ti,2,Tm,2,Cl,1236
CsMgEuCl,Cs,Mg,2,Eu,2,Cl,1237
CsCuAcCl,Cs,Cu,1,Ac,3,Cl,1238
CsAgCdCl,Cs,Ag,2,Cd,2,Cl,1239
CsHgEuCl,Cs,Hg,1,Eu,3,Cl,1240
CsNaYbCl,Cs,Na,1,Yb,3,Cl,1241
CsCoPbCl,Cs,Co,2,Pb,2,Cl,1242
CsNaAcCl,Cs,Na,1,Ac,3,Cl,1243
CsAgPrCl,Cs,Ag,1,Pr,3,Cl,1244
CsRbGaCl,Cs,Rb,1,Ga,3,Cl,1245
CsVBaCl,Cs,V,2,Ba,2,Cl,1246
CsKSbCl,Cs,K,1,Sb,3,Cl,1247
CsKPdCl,Cs,K,1,Pd,3,Cl,1248
CsCdPbCl,Cs,Cd,2,Pb,2,Cl,1249
CsTlVCl,Cs,Tl,1,V,3,Cl,1250
CsFePbCl,Cs,Fe,2,Pb,2,Cl,1251
CsNaLuCl,Cs,Na,1,Lu,3,Cl,1252
CsPoVacCl,Cs,Po,4,Vac,0,Cl,1253
CsLiAcCl,Cs,Li,1,Ac,3,Cl,1254
CsPdHgCl,Cs,Pd,2,Hg,2,Cl,1255
CsPdYbCl,Cs,Pd,2,Yb,2,Cl,1256
CsNiPbCl,Cs,Ni,2,Pb,2,Cl,1257
CsThVacCl,Cs,Th,4,Vac,0,Cl,1258
CsTiYbCl,Cs,Ti,2,Yb,2,Cl,1259
CsTiHgCl,Cs,Ti,2,Hg,2,Cl,1260
CsHgMoCl,Cs,Hg,1,Mo,3,Cl,1261
CsHgSmCl,Cs,Hg,1,Sm,3,Cl,1262
CsCoSrCl,Cs,Co,2,Sr,2,Cl,1263
CsPdNdCl,Cs,Pd,2,Nd,2,Cl,1264
CsBaPtCl,Cs,Ba,2,Pt,2,Cl,1265
CsAgPuCl,Cs,Ag,1,Pu,3,Cl,1266
CsTiNdCl,Cs,Ti,2,Nd,2,Cl,1267
CsFeSrCl,Cs,Fe,2,Sr,2,Cl,1268
CsNaAuCl,Cs,Na,1,Au,3,Cl,1269
CsDyPtCl,Cs,Dy,2,Pt,2,Cl,1270
CsNiSrCl,Cs,Ni,2,Sr,2,Cl,1271
CsAgTaCl,Cs,Ag,1,Ta,3,Cl,1272
CsAgNbCl,Cs,Ag,1,Nb,3,Cl,1273
CsHgRuCl,Cs,Hg,1,Ru,3,Cl,1274
CsHgIrCl,Cs,Hg,1,Ir,3,Cl,1275
CsCoEuCl,Cs,Co,2,Eu,2,Cl,1276
CsHgCmCl,Cs,Hg,1,Cm,3,Cl,1277
CsAgCeCl,Cs,Ag,1,Ce,3,Cl,1278
CsRbVCl,Cs,Rb,1,V,3,Cl,1279
CsHgPmCl,Cs,Hg,1,Pm,3,Cl,1280
CsCdAmCl,Cs,Cd,2,Am,2,Cl,1281
CsCrNpCl,Cs,Cr,2,Np,2,Cl,1282
CsFeEuCl,Cs,Fe,2,Eu,2,Cl,1283
CsTlRhCl,Cs,Tl,1,Rh,3,Cl,1284
CsHgAmCl,Cs,Hg,1,Am,3,Cl,1285
CsCaTiCl,Cs,Ca,2,Ti,2,Cl,1286
CsHgTiCl,Cs,Hg,1,Ti,3,Cl,1287
CsVDyCl,Cs,V,2,Dy,2,Cl,1288
CsNiEuCl,Cs,Ni,2,Eu,2,Cl,1289
CsCaPdCl,Cs,Ca,2,Pd,2,Cl,1290
CsHgRhCl,Cs,Hg,1,Rh,3,Cl,1291
CsCaEuCl,Cs,Ca,2,Eu,2,Cl,1292
CsCdSmCl,Cs,Cd,2,Sm,2,Cl,1293
CsTlTiCl,Cs,Tl,1,Ti,3,Cl,1294
CsNiRaCl,Cs,Ni,2,Ra,2,Cl,1295
CsDyNpCl,Cs,Dy,2,Np,2,Cl,1296
CsAuInCl,Cs,Au,1,In,3,Cl,1297
CsHgNdCl,Cs,Hg,1,Nd,3,Cl,1298
CsMnNpCl,Cs,Mn,2,Np,2,Cl,1299
CsAgUCl,Cs,Ag,1,U,3,Cl,1300
CsFeRaCl,Cs,Fe,2,Ra,2,Cl,1301
CsCoRaCl,Cs,Co,2,Ra,2,Cl,1302
CsTlIrCl,Cs,Tl,1,Ir,3,Cl,1303
CsTlRuCl,Cs,Tl,1,Ru,3,Cl,1304
CsHgPrCl,Cs,Hg,1,Pr,3,Cl,1305
CsCaSrCl,Cs,Ca,2,Sr,2,Cl,1306
CsKInCl,Cs,K,1,In,3,Cl,1307
CsAgBiCl,Cs,Ag,1,Bi,3,Cl,1308
CsAgLaCl,Cs,Ag,1,La,3,Cl,1309
CsZnNpCl,Cs,Zn,2,Np,2,Cl,1310
CsAgMoCl,Cs,Ag,1,Mo,3,Cl,1311
CsRbRhCl,Cs,Rb,1,Rh,3,Cl,1312
CsCrDyCl,Cs,Cr,2,Dy,2,Cl,1313
CsEuHgCl,Cs,Eu,2,Hg,2,Cl,1314
CsRbTiCl,Cs,Rb,1,Ti,3,Cl,1315
CsCaPbCl,Cs,Ca,2,Pb,2,Cl,1316
CsHgPuCl,Cs,Hg,1,Pu,3,Cl,1317
CsAgPaCl,Cs,Ag,1,Pa,3,Cl,1318
CsEuYbCl,Cs,Eu,2,Yb,2,Cl,1319
CsTlMoCl,Cs,Tl,1,Mo,3,Cl,1320
CsCuNpCl,Cs,Cu,2,Np,2,Cl,1321
CsAgIrCl,Cs,Ag,1,Ir,3,Cl,1322
CsHgVCl,Cs,Hg,1,V,3,Cl,1323
CsTmPtCl,Cs,Tm,2,Pt,2,Cl,1324
CsGeNpCl,Cs,Ge,2,Np,2,Cl,1325
CsAgRuCl,Cs,Ag,1,Ru,3,Cl,1326
CsMgRaCl,Cs,Mg,2,Ra,2,Cl,1327
CsRbIrCl,Cs,Rb,1,Ir,3,Cl,1328
CsSrHgCl,Cs,Sr,2,Hg,2,Cl,1329
CsEuTmCl,Cs,Eu,2,Tm,2,Cl,1330
CsRbRuCl,Cs,Rb,1,Ru,3,Cl,1331
CsHgCeCl,Cs,Hg,1,Ce,3,Cl,1332
CsSrYbCl,Cs,Sr,2,Yb,2,Cl,1333
CsMnDyCl,Cs,Mn,2,Dy,2,Cl,1334
CsVTmCl,Cs,V,2,Tm,2,Cl,1335
CsMgNpCl,Cs,Mg,2,Np,2,Cl,1336
CsYbPtCl,Cs,Yb,2,Pt,2,Cl,1337
CsPtHgCl,Cs,Pt,2,Hg,2,Cl,1338
CsKPCl,Cs,K,1,P,3,Cl,1339
CsAgTiCl,Cs,Ag,1,Ti,3,Cl,1340
CsNaInCl,Cs,Na,1,In,3,Cl,1341
CsAgRhCl,Cs,Ag,1,Rh,3,Cl,1342
CsRbMoCl,Cs,Rb,1,Mo,3,Cl,1343
CsCaAmCl,Cs,Ca,2,Am,2,Cl,1344
CsSrTmCl,Cs,Sr,2,Tm,2,Cl,1345
CsGeRaCl,Cs,Ge,2,Ra,2,Cl,1346
CsPdBaCl,Cs,Pd,2,Ba,2,Cl,1347
CsCuRaCl,Cs,Cu,2,Ra,2,Cl,1348
CsHgPbCl,Cs,Hg,2,Pb,2,Cl,1349
CsYbPbCl,Cs,Yb,2,Pb,2,Cl,1350
CsTiBaCl,Cs,Ti,2,Ba,2,Cl,1351
CsPdCdCl,Cs,Pd,2,Cd,2,Cl,1352
CsZnDyCl,Cs,Zn,2,Dy,2,Cl,1353
CsVYbCl,Cs,V,2,Yb,2,Cl,1354
CsAuPCl,Cs,Au,1,P,3,Cl,1355
CsHgGaCl,Cs,Hg,1,Ga,3,Cl,1356
CsTiCdCl,Cs,Ti,2,Cd,2,Cl,1357
CsCuPaCl,Cs,Cu,1,Pa,3,Cl,1358
CsVHgCl,Cs,V,2,Hg,2,Cl,1359
CsHgUCl,Cs,Hg,1,U,3,Cl,1360
CsHgCrCl,Cs,Hg,1,Cr,3,Cl,1361
CsTlNbCl,Cs,Tl,1,Nb,3,Cl,1362
CsCaSmCl,Cs,Ca,2,Sm,2,Cl,1363
CsHgBiCl,Cs,Hg,1,Bi,3,Cl,1364
CsZnRaCl,Cs,Zn,2,Ra,2,Cl,1365
CsTlTaCl,Cs,Tl,1,Ta,3,Cl,1366
CsTmPbCl,Cs,Tm,2,Pb,2,Cl,1367
CsAuAuCl,Cs,Au,1,Au,3,Cl,1368
CsHgMnCl,Cs,Hg,1,Mn,3,Cl,1369
CsCuLaCl,Cs,Cu,1,La,3,Cl,1370
CsHgLaCl,Cs,Hg,1,La,3,Cl,1371
CsPdAgCl,Cs,Pd,2,Ag,2,Cl,1372
CsBeBaCl,Cs,Be,2,Ba,2,Cl,1373
CsTiAgCl,Cs,Ti,2,Ag,2,Cl,1374
CsPaVacCl,Cs,Pa,4,Vac,0,Cl,1375
CsCaPtCl,Cs,Ca,2,Pt,2,Cl,1376
CsCuBiCl,Cs,Cu,1,Bi,3,Cl,1377
CsCuDyCl,Cs,Cu,2,Dy,2,Cl,1378
CsGeDyCl,Cs,Ge,2,Dy,2,Cl,1379
CsLiPaCl,Cs,Li,1,Pa,3,Cl,1380
CsPdThCl,Cs,Pd,1,Th,3,Cl,1381
CsCoNpCl,Cs,Co,2,Np,2,Cl,1382
CsFeNpCl,Cs,Fe,2,Np,2,Cl,1383
CsCrTmCl,Cs,Cr,2,Tm,2,Cl,1384
CsCuUCl,Cs,Cu,1,U,3,Cl,1385
CsNaThCl,Cs,Na,1,Th,3,Cl,1386
CsYbAmCl,Cs,Yb,2,Am,2,Cl,1387
CsMnRaCl,Cs,Mn,2,Ra,2,Cl,1388
CsHgPaCl,Cs,Hg,1,Pa,3,Cl,1389
CsKAuCl,Cs,K,1,Au,3,Cl,1390
CsLiLaCl,Cs,Li,1,La,3,Cl,1391
CsAuLuCl,Cs,Au,1,Lu,3,Cl,1392
CsMgDyCl,Cs,Mg,2,Dy,2,Cl,1393
CsNiNpCl,Cs,Ni,2,Np,2,Cl,1394
CsRbBCl,Cs,Rb,1,B,3,Cl,1395
CsLiBiCl,Cs,Li,1,Bi,3,Cl,1396
CsAgVCl,Cs,Ag,1,V,3,Cl,1397
CsCaVCl,Cs,Ca,2,V,2,Cl,1398
CsHgFeCl,Cs,Hg,1,Fe,3,Cl,1399
CsCrHgCl,Cs,Cr,2,Hg,2,Cl,1400
CsCrYbCl,Cs,Cr,2,Yb,2,Cl,1401
CsLiUCl,Cs,Li,1,U,3,Cl,1402
CsAuYbCl,Cs,Au,1,Yb,3,Cl,1403
CsFrPCl,Cs,Fr,1,P,3,Cl,1404
CsRbNbCl,Cs,Rb,1,Nb,3,Cl,1405
CsEuDyCl,Cs,Eu,2,Dy,2,Cl,1406
CsTmAmCl,Cs,Tm,2,Am,2,Cl,1407
CsRbTaCl,Cs,Rb,1,Ta,3,Cl,1408
CsSmYbCl,Cs,Sm,2,Yb,2,Cl,1409
CsSmHgCl,Cs,Sm,2,Hg,2,Cl,1410
CsCdNdCl,Cs,Cd,2,Nd,2,Cl,1411
CsKLuCl,Cs,K,1,Lu,3,Cl,1412
CsCuCeCl,Cs,Cu,1,Ce,3,Cl,1413
CsMnTmCl,Cs,Mn,2,Tm,2,Cl,1414
CsNaPdCl,Cs,Na,1,Pd,3,Cl,1415
CsNaSbCl,Cs,Na,1,Sb,3,Cl,1416
CsUVacCl,Cs,U,4,Vac,0,Cl,1417
CsCrRaCl,Cs,Cr,2,Ra,2,Cl,1418
CsTlScCl,Cs,Tl,1,Sc,3,Cl,1419
CsKYbCl,Cs,K,1,Yb,3,Cl,1420
CsTlAgCl,Cs,Tl,1,Ag,3,Cl,1421
CsSrDyCl,Cs,Sr,2,Dy,2,Cl,1422
CsSmTmCl,Cs,Sm,2,Tm,2,Cl,1423
CsAuTmCl,Cs,Au,1,Tm,3,Cl,1424
CsAgGaCl,Cs,Ag,1,Ga,3,Cl,1425
CsNaAgCl,Cs,Na,1,Ag,3,Cl,1426
CsLiNpCl,Cs,Li,1,Np,3,Cl,1427
CsMnYbCl,Cs,Mn,2,Yb,2,Cl,1428
CsHgAsCl,Cs,Hg,1,As,3,Cl,1429
CsTlBCl,Cs,Tl,1,B,3,Cl,1430
CsLiCeCl,Cs,Li,1,Ce,3,Cl,1431
CsHgNiCl,Cs,Hg,1,Ni,3,Cl,1432
CsCuPuCl,Cs,Cu,1,Pu,3,Cl,1433
CsMnHgCl,Cs,Mn,2,Hg,2,Cl,1434
CsZnTmCl,Cs,Zn,2,Tm,2,Cl,1435
CsCoDyCl,Cs,Co,2,Dy,2,Cl,1436
CsHgCoCl,Cs,Hg,1,Co,3,Cl,1437
CsAuTlCl,Cs,Au,1,Tl,3,Cl,1438
CsNaScCl,Cs,Na,1,Sc,3,Cl,1439
CsFeDyCl,Cs,Fe,2,Dy,2,Cl,1440
CsAgCrCl,Cs,Ag,1,Cr,3,Cl,1441
CsCaCrCl,Cs,Ca,2,Cr,2,Cl,1442
CsAgMnCl,Cs,Ag,1,Mn,3,Cl,1443
CsDyPbCl,Cs,Dy,2,Pb,2,Cl,1444
CsTlSbCl,Cs,Tl,1,Sb,3,Cl,1445
CsTlPdCl,Cs,Tl,1,Pd,3,Cl,1446
CsAuErCl,Cs,Au,1,Er,3,Cl,1447
CsKTmCl,Cs,K,1,Tm,3,Cl,1448
CsZnYbCl,Cs,Zn,2,Yb,2,Cl,1449
CsZnHgCl,Cs,Zn,2,Hg,2,Cl,1450
CsNiDyCl,Cs,Ni,2,Dy,2,Cl,1451
CsLiPuCl,Cs,Li,1,Pu,3,Cl,1452
CsCuTmCl,Cs,Cu,2,Tm,2,Cl,1453
CsGeTmCl,Cs,Ge,2,Tm,2,Cl,1454
CsCuPrCl,Cs,Cu,1,Pr,3,Cl,1455
CsRbScCl,Cs,Rb,1,Sc,3,Cl,1456
CsKTlCl,Cs,K,1,Tl,3,Cl,1457
CsKErCl,Cs,K,1,Er,3,Cl,1458
CsEuNpCl,Cs,Eu,2,Np,2,Cl,1459
CsVRaCl,Cs,V,2,Ra,2,Cl,1460
CsAuYCl,Cs,Au,1,Y,3,Cl,1461
CsAgAcCl,Cs,Ag,1,Ac,3,Cl,1462
CsRbAgCl,Cs,Rb,1,Ag,3,Cl,1463
CsAuHoCl,Cs,Au,1,Ho,3,Cl,1464
CsGeYbCl,Cs,Ge,2,Yb,2,Cl,1465
CsMgTmCl,Cs,Mg,2,Tm,2,Cl,1466
CsGeHgCl,Cs,Ge,2,Hg,2,Cl,1467
CsLiPrCl,Cs,Li,1,Pr,3,Cl,1468
CsCuHgCl,Cs,Cu,2,Hg,2,Cl,1469
CsCaMnCl,Cs,Ca,2,Mn,2,Cl,1470
CsCuYbCl,Cs,Cu,2,Yb,2,Cl,1471
CsCdPtCl,Cs,Cd,2,Pt,2,Cl,1472
CsAgFeCl,Cs,Ag,1,Fe,3,Cl,1473
CsLiNdCl,Cs,Li,1,Nd,3,Cl,1474
CsSrNpCl,Cs,Sr,2,Np,2,Cl,1475
CsKYCl,Cs,K,1,Y,3,Cl,1476
CsPtRaCl,Cs,Pt,2,Ra,2,Cl,1477
CsRbPdCl,Cs,Rb,1,Pd,3,Cl,1478
CsRbSbCl,Cs,Rb,1,Sb,3,Cl,1479
CsDyAmCl,Cs,Dy,2,Am,2,Cl,1480
CsCeVacCl,Cs,Ce,4,Vac,0,Cl,1481
CsNpVacCl,Cs,Np,4,Vac,0,Cl,1482
CsCuCmCl,Cs,Cu,1,Cm,3,Cl,1483
CsCuPmCl,Cs,Cu,1,Pm,3,Cl,1484
CsCaZnCl,Cs,Ca,2,Zn,2,Cl,1485
CsBeNdCl,Cs,Be,2,Nd,2,Cl,1486
CsMgYbCl,Cs,Mg,2,Yb,2,Cl,1487
CsVCdCl,Cs,V,2,Cd,2,Cl,1488
CsNaTaCl,Cs,Na,1,Ta,3,Cl,1489
CsAgPtCl,Cs,Ag,2,Pt,2,Cl,1490
CsNaNbCl,Cs,Na,1,Nb,3,Cl,1491
CsMgHgCl,Cs,Mg,2,Hg,2,Cl,1492
CsKHoCl,Cs,K,1,Ho,3,Cl,1493
CsAuDyCl,Cs,Au,1,Dy,3,Cl,1494
CsLiAmCl,Cs,Li,1,Am,3,Cl,1495
CsCaNdCl,Cs,Ca,2,Nd,2,Cl,1496
CsSmDyCl,Cs,Sm,2,Dy,2,Cl,1497
CsAgBaCl,Cs,Ag,2,Ba,2,Cl,1498
CsPbNpCl,Cs,Pb,2,Np,2,Cl,1499
CsCaCuCl,Cs,Ca,2,Cu,2,Cl,1500
CsCaGeCl,Cs,Ca,2,Ge,2,Cl,1501
CsLiCmCl,Cs,Li,1,Cm,3,Cl,1502
CsVAgCl,Cs,V,2,Ag,2,Cl,1503
CsLiPmCl,Cs,Li,1,Pm,3,Cl,1504
CsAgNiCl,Cs,Ag,1,Ni,3,Cl,1505
CsHgCuCl,Cs,Hg,1,Cu,3,Cl,1506
CsAgAsCl,Cs,Ag,1,As,3,Cl,1507
CsKDyCl,Cs,K,1,Dy,3,Cl,1508
CsCoTmCl,Cs,Co,2,Tm,2,Cl,1509
CsAgCoCl,Cs,Ag,1,Co,3,Cl,1510
CsAuTbCl,Cs,Au,1,Tb,3,Cl,1511
CsFeTmCl,Cs,Fe,2,Tm,2,Cl,1512
CsHgAlCl,Cs,Hg,1,Al,3,Cl,1513
CsMgCaCl,Cs,Mg,2,Ca,2,Cl,1514
CsNiTmCl,Cs,Ni,2,Tm,2,Cl,1515
CsTiPdCl,Cs,Ti,2,Pd,2,Cl,1516
CsPuVacCl,Cs,Pu,4,Vac,0,Cl,1517
CsTlInCl,Cs,Tl,1,In,3,Cl,1518
CsCdBaCl,Cs,Cd,2,Ba,2,Cl,1519
CsLiSmCl,Cs,Li,1,Sm,3,Cl,1520
CsCoYbCl,Cs,Co,2,Yb,2,Cl,1521
CsCoHgCl,Cs,Co,2,Hg,2,Cl,1522
CsKTbCl,Cs,K,1,Tb,3,Cl,1523
CsFeYbCl,Cs,Fe,2,Yb,2,Cl,1524
CsCrCdCl,Cs,Cr,2,Cd,2,Cl,1525
CsFeHgCl,Cs,Fe,2,Hg,2,Cl,1526
CsAuGdCl,Cs,Au,1,Gd,3,Cl,1527
CsNiYbCl,Cs,Ni,2,Yb,2,Cl,1528
CsNiHgCl,Cs,Ni,2,Hg,2,Cl,1529
CsNaMoCl,Cs,Na,1,Mo,3,Cl,1530
CsPdAcCl,Cs,Pd,1,Ac,3,Cl,1531
CsHgAcCl,Cs,Hg,1,Ac,3,Cl,1532
CsNpAmCl,Cs,Np,2,Am,2,Cl,1533
CsNdHgCl,Cs,Nd,2,Hg,2,Cl,1534
CsNdYbCl,Cs,Nd,2,Yb,2,Cl,1535
CsCuGdCl,Cs,Cu,1,Gd,3,Cl,1536
CsLiEuCl,Cs,Li,1,Eu,3,Cl,1537
CsCrAgCl,Cs,Cr,2,Ag,2,Cl,1538
CsAuEuCl,Cs,Au,1,Eu,3,Cl,1539
CsKGdCl,Cs,K,1,Gd,3,Cl,1540
CsPrVacCl,Cs,Pr,4,Vac,0,Cl,1541
CsAmVacCl,Cs,Am,4,Vac,0,Cl,1542
CsCmVacCl,Cs,Cm,4,Vac,0,Cl,1543
CsNaIrCl,Cs,Na,1,Ir,3,Cl,1544
CsMnCdCl,Cs,Mn,2,Cd,2,Cl,1545
CsNaRuCl,Cs,Na,1,Ru,3,Cl,1546
CsRbInCl,Cs,Rb,1,In,3,Cl,1547
CsSmNpCl,Cs,Sm,2,Np,2,Cl,1548
CsNdTmCl,Cs,Nd,2,Tm,2,Cl,1549
CsLiGdCl,Cs,Li,1,Gd,3,Cl,1550
CsCaCoCl,Cs,Ca,2,Co,2,Cl,1551
CsCaFeCl,Cs,Ca,2,Fe,2,Cl,1552
CsCuTbCl,Cs,Cu,1,Tb,3,Cl,1553
CsKEuCl,Cs,K,1,Eu,3,Cl,1554
CsAuSmCl,Cs,Au,1,Sm,3,Cl,1555
CsZnCdCl,Cs,Zn,2,Cd,2,Cl,1556
CsAgCuCl,Cs,Ag,1,Cu,3,Cl,1557
CsMnAgCl,Cs,Mn,2,Ag,2,Cl,1558
CsCaNiCl,Cs,Ca,2,Ni,2,Cl,1559
CsNaTiCl,Cs,Na,1,Ti,3,Cl,1560
CsNaRhCl,Cs,Na,1,Rh,3,Cl,1561
CsAgAlCl,Cs,Ag,1,Al,3,Cl,1562
CsLiTbCl,Cs,Li,1,Tb,3,Cl,1563
CsFrAlCl,Cs,Fr,1,Al,3,Cl,1564
CsCuCdCl,Cs,Cu,2,Cd,2,Cl,1565
CsZnAgCl,Cs,Zn,2,Ag,2,Cl,1566
CsRbNCl,Cs,Rb,1,N,3,Cl,1567
CsGeCdCl,Cs,Ge,2,Cd,2,Cl,1568
CsKSmCl,Cs,K,1,Sm,3,Cl,1569
CsTiRaCl,Cs,Ti,2,Ra,2,Cl,1570
CsAuCmCl,Cs,Au,1,Cm,3,Cl,1571
CsAuPmCl,Cs,Au,1,Pm,3,Cl,1572
CsFrCuCl,Cs,Fr,1,Cu,3,Cl,1573
CsPdRaCl,Cs,Pd,2,Ra,2,Cl,1574
CsAuAmCl,Cs,Au,1,Am,3,Cl,1575
CsLiDyCl,Cs,Li,1,Dy,3,Cl,1576
CsCuHoCl,Cs,Cu,1,Ho,3,Cl,1577
CsMgCdCl,Cs,Mg,2,Cd,2,Cl,1578
CsCuAgCl,Cs,Cu,2,Ag,2,Cl,1579
CsGeAgCl,Cs,Ge,2,Ag,2,Cl,1580
CsCuYCl,Cs,Cu,1,Y,3,Cl,1581
CsBeSmCl,Cs,Be,2,Sm,2,Cl,1582
CsKPmCl,Cs,K,1,Pm,3,Cl,1583
CsKCmCl,Cs,K,1,Cm,3,Cl,1584
CsTlAuCl,Cs,Tl,1,Au,3,Cl,1585
CsCaBaCl,Cs,Ca,2,Ba,2,Cl,1586
CsSrEuCl,Cs,Sr,2,Eu,2,Cl,1587
CsAuNdCl,Cs,Au,1,Nd,3,Cl,1588
CsKAmCl,Cs,K,1,Am,3,Cl,1589
CsLiHoCl,Cs,Li,1,Ho,3,Cl,1590
CsPdPtCl,Cs,Pd,2,Pt,2,Cl,1591
CsCuErCl,Cs,Cu,1,Er,3,Cl,1592
CsMgAgCl,Cs,Mg,2,Ag,2,Cl,1593
CsTiPtCl,Cs,Ti,2,Pt,2,Cl,1594
CsLiYCl,Cs,Li,1,Y,3,Cl,1595
CsBeAmCl,Cs,Be,2,Am,2,Cl,1596
CsTlNCl,Cs,Tl,1,N,3,Cl,1597
CsNaVCl,Cs,Na,1,V,3,Cl,1598
CsAgThCl,Cs,Ag,1,Th,3,Cl,1599
CsEuPbCl,Cs,Eu,2,Pb,2,Cl,1600
CsAuPrCl,Cs,Au,1,Pr,3,Cl,1601
CsNdDyCl,Cs,Nd,2,Dy,2,Cl,1602
CsTlLuCl,Cs,Tl,1,Lu,3,Cl,1603
CsCuTlCl,Cs,Cu,1,Tl,3,Cl,1604
CsKNdCl,Cs,K,1,Nd,3,Cl,1605
CsLiErCl,Cs,Li,1,Er,3,Cl,1606
CsKBCl,Cs,K,1,B,3,Cl,1607
CsVPdCl,Cs,V,2,Pd,2,Cl,1608
CsTiVCl,Cs,Ti,2,V,2,Cl,1609
CsTlYbCl,Cs,Tl,1,Yb,3,Cl,1610
CsCoCdCl,Cs,Co,2,Cd,2,Cl,1611
CsAuPuCl,Cs,Au,1,Pu,3,Cl,1612
CsSrPbCl,Cs,Sr,2,Pb,2,Cl,1613
CsKPrCl,Cs,K,1,Pr,3,Cl,1614
CsBaHgCl,Cs,Ba,2,Hg,2,Cl,1615
CsRbAuCl,Cs,Rb,1,Au,3,Cl,1616
CsBaYbCl,Cs,Ba,2,Yb,2,Cl,1617
CsLiTlCl,Cs,Li,1,Tl,3,Cl,1618
CsFeCdCl,Cs,Fe,2,Cd,2,Cl,1619
CsBePbCl,Cs,Be,2,Pb,2,Cl,1620
CsAuBCl,Cs,Au,1,B,3,Cl,1621
CsLiTmCl,Cs,Li,1,Tm,3,Cl,1622
CsNaGaCl,Cs,Na,1,Ga,3,Cl,1623
CsNiCdCl,Cs,Ni,2,Cd,2,Cl,1624
CsFrCoCl,Cs,Fr,1,Co,3,Cl,1625
CsCoAgCl,Cs,Co,2,Ag,2,Cl,1626
CsFeAgCl,Cs,Fe,2,Ag,2,Cl,1627
CsNaCrCl,Cs,Na,1,Cr,3,Cl,1628
CsEuAmCl,Cs,Eu,2,Am,2,Cl,1629
CsFrAsCl,Cs,Fr,1,As,3,Cl,1630
CsFrNiCl,Cs,Fr,1,Ni,3,Cl,1631
CsBaTmCl,Cs,Ba,2,Tm,2,Cl,1632
CsKPuCl,Cs,K,1,Pu,3,Cl,1633
CsAuNpCl,Cs,Au,1,Np,3,Cl,1634
CsTlTmCl,Cs,Tl,1,Tm,3,Cl,1635
CsAuCeCl,Cs,Au,1,Ce,3,Cl,1636
CsRbLuCl,Cs,Rb,1,Lu,3,Cl,1637
CsNaMnCl,Cs,Na,1,Mn,3,Cl,1638
CsCuLuCl,Cs,Cu,1,Lu,3,Cl,1639
CsNiAgCl,Cs,Ni,2,Ag,2,Cl,1640
CsHgPCl,Cs,Hg,1,P,3,Cl,1641
CsPdPaCl,Cs,Pd,1,Pa,3,Cl,1642
CsBeSrCl,Cs,Be,2,Sr,2,Cl,1643
CsTlTlCl,Cs,Tl,1,Tl,3,Cl,1644
CsLiYbCl,Cs,Li,1,Yb,3,Cl,1645
CsRbYbCl,Cs,Rb,1,Yb,3,Cl,1646
CsCrPdCl,Cs,Cr,2,Pd,2,Cl,1647
CsTiCrCl,Cs,Ti,2,Cr,2,Cl,1648
CsSmEuCl,Cs,Sm,2,Eu,2,Cl,1649
CsSrAmCl,Cs,Sr,2,Am,2,Cl,1650
CsTlErCl,Cs,Tl,1,Er,3,Cl,1651
CsKNpCl,Cs,K,1,Np,3,Cl,1652
CsNdNpCl,Cs,Nd,2,Np,2,Cl,1653
CsKCeCl,Cs,K,1,Ce,3,Cl,1654
CsPdLaCl,Cs,Pd,1,La,3,Cl,1655
CsLiLuCl,Cs,Li,1,Lu,3,Cl,1656
CsPdBiCl,Cs,Pd,1,Bi,3,Cl,1657
CsBeEuCl,Cs,Be,2,Eu,2,Cl,1658
CsCuAuCl,Cs,Cu,1,Au,3,Cl,1659
CsAuUCl,Cs,Au,1,U,3,Cl,1660
CsNaFeCl,Cs,Na,1,Fe,3,Cl,1661
CsFrFeCl,Cs,Fr,1,Fe,3,Cl,1662
CsPdUCl,Cs,Pd,1,U,3,Cl,1663
CsHgThCl,Cs,Hg,1,Th,3,Cl,1664
CsTlYCl,Cs,Tl,1,Y,3,Cl,1665
CsAuBiCl,Cs,Au,1,Bi,3,Cl,1666
CsPbAmCl,Cs,Pb,2,Am,2,Cl,1667
CsSrSmCl,Cs,Sr,2,Sm,2,Cl,1668
CsRbTmCl,Cs,Rb,1,Tm,3,Cl,1669
CsTlHoCl,Cs,Tl,1,Ho,3,Cl,1670
CsAuLaCl,Cs,Au,1,La,3,Cl,1671
CsLiAuCl,Cs,Li,1,Au,3,Cl,1672
CsMnPdCl,Cs,Mn,2,Pd,2,Cl,1673
CsTiMnCl,Cs,Ti,2,Mn,2,Cl,1674
CsRbTlCl,Cs,Rb,1,Tl,3,Cl,1675
CsKUCl,Cs,K,1,U,3,Cl,1676
CsRbErCl,Cs,Rb,1,Er,3,Cl,1677
CsSmPbCl,Cs,Sm,2,Pb,2,Cl,1678
CsAuPaCl,Cs,Au,1,Pa,3,Cl,1679
CsKBiCl,Cs,K,1,Bi,3,Cl,1680
CsKLaCl,Cs,K,1,La,3,Cl,1681
CsTlDyCl,Cs,Tl,1,Dy,3,Cl,1682
CsFrMnCl,Cs,Fr,1,Mn,3,Cl,1683
CsNaAsCl,Cs,Na,1,As,3,Cl,1684
CsZnPdCl,Cs,Zn,2,Pd,2,Cl,1685
CsPdCeCl,Cs,Pd,1,Ce,3,Cl,1686
CsNaNiCl,Cs,Na,1,Ni,3,Cl,1687
CsTiZnCl,Cs,Ti,2,Zn,2,Cl,1688
CsFrCrCl,Cs,Fr,1,Cr,3,Cl,1689
CsNaCoCl,Cs,Na,1,Co,3,Cl,1690
CsKPaCl,Cs,K,1,Pa,3,Cl,1691
CsAgRaCl,Cs,Ag,2,Ra,2,Cl,1692
CsBaDyCl,Cs,Ba,2,Dy,2,Cl,1693
CsRbYCl,Cs,Rb,1,Y,3,Cl,1694
CsFrGaCl,Cs,Fr,1,Ga,3,Cl,1695
CsRbHoCl,Cs,Rb,1,Ho,3,Cl,1696
CsCuPdCl,Cs,Cu,2,Pd,2,Cl,1697
CsTiGeCl,Cs,Ti,2,Ge,2,Cl,1698
CsTiCuCl,Cs,Ti,2,Cu,2,Cl,1699
CsAgPCl,Cs,Ag,1,P,3,Cl,1700
CsPdPuCl,Cs,Pd,1,Pu,3,Cl,1701
CsGePdCl,Cs,Ge,2,Pd,2,Cl,1702
CsVPtCl,Cs,V,2,Pt,2,Cl,1703
CsTlTbCl,Cs,Tl,1,Tb,3,Cl,1704
CsCdRaCl,Cs,Cd,2,Ra,2,Cl,1705
CsSmAmCl,Cs,Sm,2,Am,2,Cl,1706
CsPdPrCl,Cs,Pd,1,Pr,3,Cl,1707
CsMgPdCl,Cs,Mg,2,Pd,2,Cl,1708
CsMgTiCl,Cs,Mg,2,Ti,2,Cl,1709
CsRbDyCl,Cs,Rb,1,Dy,3,Cl,1710
CsTlGdCl,Cs,Tl,1,Gd,3,Cl,1711
CsFrVCl,Cs,Fr,1,V,3,Cl,1712
CsCuInCl,Cs,Cu,1,In,3,Cl,1713
CsRbTbCl,Cs,Rb,1,Tb,3,Cl,1714
CsCrPtCl,Cs,Cr,2,Pt,2,Cl,1715
CsTlEuCl,Cs,Tl,1,Eu,3,Cl,1716
CsNaCuCl,Cs,Na,1,Cu,3,Cl,1717
CsPdPmCl,Cs,Pd,1,Pm,3,Cl,1718
CsLiInCl,Cs,Li,1,In,3,Cl,1719
CsPdCmCl,Cs,Pd,1,Cm,3,Cl,1720
CsBaNpCl,Cs,Ba,2,Np,2,Cl,1721
CsCoPdCl,Cs,Co,2,Pd,2,Cl,1722
CsTiCoCl,Cs,Ti,2,Co,2,Cl,1723
CsTiFeCl,Cs,Ti,2,Fe,2,Cl,1724
CsVCrCl,Cs,V,2,Cr,2,Cl,1725
CsFePdCl,Cs,Fe,2,Pd,2,Cl,1726
CsNaAlCl,Cs,Na,1,Al,3,Cl,1727
CsRbGdCl,Cs,Rb,1,Gd,3,Cl,1728
CsTlSmCl,Cs,Tl,1,Sm,3,Cl,1729
CsMnPtCl,Cs,Mn,2,Pt,2,Cl,1730
CsPbVacCl,Cs,Pb,4,Vac,0,Cl,1731
CsNiPdCl,Cs,Ni,2,Pd,2,Cl,1732
CsTiNiCl,Cs,Ti,2,Ni,2,Cl,1733
CsBeNpCl,Cs,Be,2,Np,2,Cl,1734
CsNdEuCl,Cs,Nd,2,Eu,2,Cl,1735
CsFrRhCl,Cs,Fr,1,Rh,3,Cl,1736
CsRbEuCl,Cs,Rb,1,Eu,3,Cl,1737
CsKNCl,Cs,K,1,N,3,Cl,1738
CsZnPtCl,Cs,Zn,2,Pt,2,Cl,1739
CsVMnCl,Cs,V,2,Mn,2,Cl,1740
CsTlPmCl,Cs,Tl,1,Pm,3,Cl,1741
CsTlCmCl,Cs,Tl,1,Cm,3,Cl,1742
CsFrTiCl,Cs,Fr,1,Ti,3,Cl,1743
CsSrNdCl,Cs,Sr,2,Nd,2,Cl,1744
CsTlAmCl,Cs,Tl,1,Am,3,Cl,1745
CsCuSbCl,Cs,Cu,1,Sb,3,Cl,1746
CsCuPtCl,Cs,Cu,2,Pt,2,Cl,1747
CsVZnCl,Cs,V,2,Zn,2,Cl,1748
CsAuNCl,Cs,Au,1,N,3,Cl,1749
CsGePtCl,Cs,Ge,2,Pt,2,Cl,1750
CsRbSmCl,Cs,Rb,1,Sm,3,Cl,1751
CsPdGdCl,Cs,Pd,1,Gd,3,Cl,1752
CsCaRaCl,Cs,Ca,2,Ra,2,Cl,1753
CsFrRuCl,Cs,Fr,1,Ru,3,Cl,1754
CsNdPbCl,Cs,Nd,2,Pb,2,Cl,1755
CsFrIrCl,Cs,Fr,1,Ir,3,Cl,1756
CsTlNdCl,Cs,Tl,1,Nd,3,Cl,1757
CsTbVacCl,Cs,Tb,4,Vac,0,Cl,1758
CsMgPtCl,Cs,Mg,2,Pt,2,Cl,1759
CsLiPdCl,Cs,Li,1,Pd,3,Cl,1760
CsVGeCl,Cs,V,2,Ge,2,Cl,1761
CsBeDyCl,Cs,Be,2,Dy,2,Cl,1762
CsVCuCl,Cs,V,2,Cu,2,Cl,1763
CsLiSbCl,Cs,Li,1,Sb,3,Cl,1764
CsRbPmCl,Cs,Rb,1,Pm,3,Cl,1765
CsTlPrCl,Cs,Tl,1,Pr,3,Cl,1766
CsAuAcCl,Cs,Au,1,Ac,3,Cl,1767
CsRbCmCl,Cs,Rb,1,Cm,3,Cl,1768
CsFrMoCl,Cs,Fr,1,Mo,3,Cl,1769
CsCuScCl,Cs,Cu,1,Sc,3,Cl,1770
CsCrMnCl,Cs,Cr,2,Mn,2,Cl,1771
CsPdTbCl,Cs,Pd,1,Tb,3,Cl,1772
CsRbAmCl,Cs,Rb,1,Am,3,Cl,1773
CsLiAgCl,Cs,Li,1,Ag,3,Cl,1774
CsMgVCl,Cs,Mg,2,V,2,Cl,1775
CsTlPuCl,Cs,Tl,1,Pu,3,Cl,1776
CsYbRaCl,Cs,Yb,2,Ra,2,Cl,1777
CsNdAmCl,Cs,Nd,2,Am,2,Cl,1778
CsHgRaCl,Cs,Hg,2,Ra,2,Cl,1779
CsKAcCl,Cs,K,1,Ac,3,Cl,1780
CsLiScCl,Cs,Li,1,Sc,3,Cl,1781
CsCrZnCl,Cs,Cr,2,Zn,2,Cl,1782
CsRbNdCl,Cs,Rb,1,Nd,3,Cl,1783
CsCoPtCl,Cs,Co,2,Pt,2,Cl,1784
CsCrGeCl,Cs,Cr,2,Ge,2,Cl,1785
CsFePtCl,Cs,Fe,2,Pt,2,Cl,1786
CsCrCuCl,Cs,Cr,2,Cu,2,Cl,1787
CsTmRaCl,Cs,Tm,2,Ra,2,Cl,1788
CsRbPrCl,Cs,Rb,1,Pr,3,Cl,1789
CsTlNpCl,Cs,Tl,1,Np,3,Cl,1790
CsNdSmCl,Cs,Nd,2,Sm,2,Cl,1791
CsTlCeCl,Cs,Tl,1,Ce,3,Cl,1792
CsPdHoCl,Cs,Pd,1,Ho,3,Cl,1793
CsCuNbCl,Cs,Cu,1,Nb,3,Cl,1794
CsNiPtCl,Cs,Ni,2,Pt,2,Cl,1795
CsPdYCl,Cs,Pd,1,Y,3,Cl,1796
CsCuTaCl,Cs,Cu,1,Ta,3,Cl,1797
CsMnZnCl,Cs,Mn,2,Zn,2,Cl,1798
CsVCoCl,Cs,V,2,Co,2,Cl,1799
CsMgCrCl,Cs,Mg,2,Cr,2,Cl,1800
CsVFeCl,Cs,V,2,Fe,2,Cl,1801
CsFrNbCl,Cs,Fr,1,Nb,3,Cl,1802
CsBaEuCl,Cs,Ba,2,Eu,2,Cl,1803
CsFrTaCl,Cs,Fr,1,Ta,3,Cl,1804
CsRbPuCl,Cs,Rb,1,Pu,3,Cl,1805
CsBeTmCl,Cs,Be,2,Tm,2,Cl,1806
CsLiNbCl,Cs,Li,1,Nb,3,Cl,1807
CsLiTaCl,Cs,Li,1,Ta,3,Cl,1808
CsMnCuCl,Cs,Mn,2,Cu,2,Cl,1809
CsMnGeCl,Cs,Mn,2,Ge,2,Cl,1810
CsVNiCl,Cs,V,2,Ni,2,Cl,1811
CsPdErCl,Cs,Pd,1,Er,3,Cl,1812
CsTlUCl,Cs,Tl,1,U,3,Cl,1813
CsPdTlCl,Cs,Pd,1,Tl,3,Cl,1814
CsGeSrF,Cs,Ge,2,Sr,2,F,1815
CsNiSmF,Cs,Ni,2,Sm,2,F,1816
CsZnEuF,Cs,Zn,2,Eu,2,F,1817
CsAgSbF,Cs,Ag,1,Sb,3,F,1818
CsCuSrF,Cs,Cu,2,Sr,2,F,1819
CsTaHgF,Cs,Ta,3,Hg,1,F,1820
CsNbHgF,Cs,Nb,3,Hg,1,F,1821
CsMgPbF,Cs,Mg,2,Pb,2,F,1822
CsNaErF,Cs,Na,1,Er,3,F,1823
CsFeSmF,Cs,Fe,2,Sm,2,F,1824
CsAlKF,Cs,Al,3,K,1,F,1825
CsCoAmF,Cs,Co,2,Am,2,F,1826
CsCoSmF,Cs,Co,2,Sm,2,F,1827
CsAlAuF,Cs,Al,3,Au,1,F,1828
CsNaTlF,Cs,Na,1,Tl,3,F,1829
CsFeAmF,Cs,Fe,2,Am,2,F,1830
CsNaYF,Cs,Na,1,Y,3,F,1831
CsCuPbF,Cs,Cu,2,Pb,2,F,1832
CsGePbF,Cs,Ge,2,Pb,2,F,1833
CsMnEuF,Cs,Mn,2,Eu,2,F,1834
CsZnSrF,Cs,Zn,2,Sr,2,F,1835
CsKCuF,Cs,K,1,Cu,3,F,1836
CsNaHoF,Cs,Na,1,Ho,3,F,1837
CsNaTmF,Cs,Na,1,Tm,3,F,1838
CsNiAmF,Cs,Ni,2,Am,2,F,1839
CsGeEuF,Cs,Ge,2,Eu,2,F,1840
CsPtNpF,Cs,Pt,2,Np,2,F,1841
CsAgAgF,Cs,Ag,1,Ag,3,F,1842
CsMgSrF,Cs,Mg,2,Sr,2,F,1843
CsScAgF,Cs,Sc,3,Ag,1,F,1844
CsMnSrF,Cs,Mn,2,Sr,2,F,1845
CsMgAmF,Cs,Mg,2,Am,2,F,1846
CsBeRaF,Cs,Be,2,Ra,2,F,1847
CsTiDyF,Cs,Ti,2,Dy,2,F,1848
CsZnPbF,Cs,Zn,2,Pb,2,F,1849
CsNaDyF,Cs,Na,1,Dy,3,F,1850
CsVNpF,Cs,V,2,Np,2,F,1851
CsCuAcF,Cs,Cu,1,Ac,3,F,1852
CsTiTmF,Cs,Ti,2,Tm,2,F,1853
CsMgEuF,Cs,Mg,2,Eu,2,F,1854
CsAgCdF,Cs,Ag,2,Cd,2,F,1855
CsCrEuF,Cs,Cr,2,Eu,2,F,1856
CsScHgF,Cs,Sc,3,Hg,1,F,1857
CsNaYbF,Cs,Na,1,Yb,3,F,1858
CsCoPbF,Cs,Co,2,Pb,2,F,1859
CsFePbF,Cs,Fe,2,Pb,2,F,1860
CsCaAgF,Cs,Ca,2,Ag,2,F,1861
CsMnPbF,Cs,Mn,2,Pb,2,F,1862
CsAgHgF,Cs,Ag,3,Hg,1,F,1863
CsGeAmF,Cs,Ge,2,Am,2,F,1864
CsTeVacF,Cs,Te,4,Vac,0,F,1865
CsPTlF,Cs,P,3,Tl,1,F,1866
CsMgSmF,Cs,Mg,2,Sm,2,F,1867
CsNaLuF,Cs,Na,1,Lu,3,F,1868
CsNaTbF,Cs,Na,1,Tb,3,F,1869
CsPoVacF,Cs,Po,4,Vac,0,F,1870
CsLiAcF,Cs,Li,1,Ac,3,F,1871
CsNiPbF,Cs,Ni,2,Pb,2,F,1872
CsThVacF,Cs,Th,4,Vac,0,F,1873
CsMoHgF,Cs,Mo,3,Hg,1,F,1874
CsTiYbF,Cs,Ti,2,Yb,2,F,1875
CsCrSrF,Cs,Cr,2,Sr,2,F,1876
CsCoSrF,Cs,Co,2,Sr,2,F,1877
CsCoAuF,Cs,Co,3,Au,1,F,1878
CsCuFmF,Cs,Cu,1,Fm,3,F,1879
CsFeSrF,Cs,Fe,2,Sr,2,F,1880
CsSbHgF,Cs,Sb,3,Hg,1,F,1881
CsAsAuF,Cs,As,3,Au,1,F,1882
CsAgInF,Cs,Ag,1,In,3,F,1883
CsCaCdF,Cs,Ca,2,Cd,2,F,1884
CsGeSmF,Cs,Ge,2,Sm,2,F,1885
CsPdHgF,Cs,Pd,3,Hg,1,F,1886
CsZnAmF,Cs,Zn,2,Am,2,F,1887
CsNiAuF,Cs,Ni,3,Au,1,F,1888
CsRuHgF,Cs,Ru,3,Hg,1,F,1889
CsNbAgF,Cs,Nb,3,Ag,1,F,1890
CsAgTaF,Cs,Ag,1,Ta,3,F,1891
CsNiSrF,Cs,Ni,2,Sr,2,F,1892
CsIrHgF,Cs,Ir,3,Hg,1,F,1893
CsNaAuF,Cs,Na,1,Au,3,F,1894
CsDyPtF,Cs,Dy,2,Pt,2,F,1895
CsCrPbF,Cs,Cr,2,Pb,2,F,1896
CsCoEuF,Cs,Co,2,Eu,2,F,1897
CsKCoF,Cs,K,1,Co,3,F,1898
CsNaGdF,Cs,Na,1,Gd,3,F,1899
CsFeEuF,Cs,Fe,2,Eu,2,F,1900
CsCuMdF,Cs,Cu,1,Md,3,F,1901
CsLiFmF,Cs,Li,1,Fm,3,F,1902
CsCrNpF,Cs,Cr,2,Np,2,F,1903
CsTiNpF,Cs,Ti,2,Np,2,F,1904
CsPRbF,Cs,P,3,Rb,1,F,1905
CsKNiF,Cs,K,1,Ni,3,F,1906
CsKAsF,Cs,K,1,As,3,F,1907
CsZnSmF,Cs,Zn,2,Sm,2,F,1908
CsVEuF,Cs,V,2,Eu,2,F,1909
CsNFrF,Cs,N,3,Fr,1,F,1910
CsMnAmF,Cs,Mn,2,Am,2,F,1911
CsVDyF,Cs,V,2,Dy,2,F,1912
CsTiHgF,Cs,Ti,3,Hg,1,F,1913
CsCaTiF,Cs,Ca,2,Ti,2,F,1914
CsCaPdF,Cs,Ca,2,Pd,2,F,1915
CsNiEuF,Cs,Ni,2,Eu,2,F,1916
CsNaEuF,Cs,Na,1,Eu,3,F,1917
CsFeAuF,Cs,Fe,3,Au,1,F,1918
CsLiMdF,Cs,Li,1,Md,3,F,1919
CsRhHgF,Cs,Rh,3,Hg,1,F,1920
CsLiThF,Cs,Li,1,Th,3,F,1921
CsVSrF,Cs,V,2,Sr,2,F,1922
CsEuPtF,Cs,Eu,2,Pt,2,F,1923
CsMnSmF,Cs,Mn,2,Sm,2,F,1924
CsCdHgF,Cs,Cd,2,Hg,2,F,1925
CsCdYbF,Cs,Cd,2,Yb,2,F,1926
CsMnNpF,Cs,Mn,2,Np,2,F,1927
CsCrAmF,Cs,Cr,2,Am,2,F,1928
CsKFeF,Cs,K,1,Fe,3,F,1929
CsNaSmF,Cs,Na,1,Sm,3,F,1930
CsCuThF,Cs,Cu,1,Th,3,F,1931
CsVPbF,Cs,V,2,Pb,2,F,1932
CsSrPtF,Cs,Sr,2,Pt,2,F,1933
CsCdTmF,Cs,Cd,2,Tm,2,F,1934
CsNiNdF,Cs,Ni,2,Nd,2,F,1935
CsMnAuF,Cs,Mn,3,Au,1,F,1936
CsZnNpF,Cs,Zn,2,Np,2,F,1937
CsMoAgF,Cs,Mo,3,Ag,1,F,1938
CsCrAuF,Cs,Cr,3,Au,1,F,1939
CsCrSmF,Cs,Cr,2,Sm,2,F,1940
CsFeNdF,Cs,Fe,2,Nd,2,F,1941
CsCoNdF,Cs,Co,2,Nd,2,F,1942
CsCrDyF,Cs,Cr,2,Dy,2,F,1943
CsNaPmF,Cs,Na,1,Pm,3,F,1944
CsNaCmF,Cs,Na,1,Cm,3,F,1945
CsGaAuF,Cs,Ga,3,Au,1,F,1946
CsPtPbF,Cs,Pt,2,Pb,2,F,1947
CsInHgF,Cs,In,3,Hg,1,F,1948
CsKMnF,Cs,K,1,Mn,3,F,1949
CsRuAgF,Cs,Ru,3,Ag,1,F,1950
CsGeNpF,Cs,Ge,2,Np,2,F,1951
CsTmPtF,Cs,Tm,2,Pt,2,F,1952
CsVHgF,Cs,V,3,Hg,1,F,1953
CsAgIrF,Cs,Ag,1,Ir,3,F,1954
CsKCrF,Cs,K,1,Cr,3,F,1955
CsNaAmF,Cs,Na,1,Am,3,F,1956
CsVAmF,Cs,V,2,Am,2,F,1957
CsKGaF,Cs,K,1,Ga,3,F,1958
CsAgAuF,Cs,Ag,1,Au,3,F,1959
CsNaNdF,Cs,Na,1,Nd,3,F,1960
CsPtHgF,Cs,Pt,2,Hg,2,F,1961
CsMnDyF,Cs,Mn,2,Dy,2,F,1962
CsVTmF,Cs,V,2,Tm,2,F,1963
CsNaInF,Cs,Na,1,In,3,F,1964
CsMgNpF,Cs,Mg,2,Np,2,F,1965
CsTiAgF,Cs,Ti,3,Ag,1,F,1966
CsYbPtF,Cs,Yb,2,Pt,2,F,1967
CsPKF,Cs,P,3,K,1,F,1968
CsRhAgF,Cs,Rh,3,Ag,1,F,1969
CsVAuF,Cs,V,3,Au,1,F,1970
CsVSmF,Cs,V,2,Sm,2,F,1971
CsMgNdF,Cs,Mg,2,Nd,2,F,1972
CsPtAmF,Cs,Pt,2,Am,2,F,1973
CsNaPrF,Cs,Na,1,Pr,3,F,1974
CsAgLuF,Cs,Ag,1,Lu,3,F,1975
CsTiCdF,Cs,Ti,2,Cd,2,F,1976
CsZnDyF,Cs,Zn,2,Dy,2,F,1977
CsPAuF,Cs,P,3,Au,1,F,1978
CsPdCdF,Cs,Pd,2,Cd,2,F,1979
CsCuPaF,Cs,Cu,1,Pa,3,F,1980
CsVYbF,Cs,V,2,Yb,2,F,1981
CsGaHgF,Cs,Ga,3,Hg,1,F,1982
CsAgYbF,Cs,Ag,1,Yb,3,F,1983
CsCrHgF,Cs,Cr,3,Hg,1,F,1984
CsCaYbF,Cs,Ca,2,Yb,2,F,1985
CsKVF,Cs,K,1,V,3,F,1986
CsNaPuF,Cs,Na,1,Pu,3,F,1987
CsGeNdF,Cs,Ge,2,Nd,2,F,1988
CsCaHgF,Cs,Ca,2,Hg,2,F,1989
CsSmPtF,Cs,Sm,2,Pt,2,F,1990
CsCdDyF,Cs,Cd,2,Dy,2,F,1991
CsMnHgF,Cs,Mn,3,Hg,1,F,1992
CsCuLaF,Cs,Cu,1,La,3,F,1993
CsPaVacF,Cs,Pa,4,Vac,0,F,1994
CsCuBiF,Cs,Cu,1,Bi,3,F,1995
CsCaPtF,Cs,Ca,2,Pt,2,F,1996
CsBeBaF,Cs,Be,2,Ba,2,F,1997
CsLiPaF,Cs,Li,1,Pa,3,F,1998
CsGeDyF,Cs,Ge,2,Dy,2,F,1999
CsPdAgF,Cs,Pd,2,Ag,2,F,2000
CsPdThF,Cs,Pd,1,Th,3,F,2001
CsCoNpF,Cs,Co,2,Np,2,F,2002
CsCrTmF,Cs,Cr,2,Tm,2,F,2003
CsCuUF,Cs,Cu,1,U,3,F,2004
CsFeNpF,Cs,Fe,2,Np,2,F,2005
CsZnNdF,Cs,Zn,2,Nd,2,F,2006
CsTiEuF,Cs,Ti,2,Eu,2,F,2007
CsAgTmF,Cs,Ag,1,Tm,3,F,2008
CsNaNpF,Cs,Na,1,Np,3,F,2009
CsNaCeF,Cs,Na,1,Ce,3,F,2010
CsCaTmF,Cs,Ca,2,Tm,2,F,2011
CsLiLaF,Cs,Li,1,La,3,F,2012
CsBRbF,Cs,B,3,Rb,1,F,2013
CsNiNpF,Cs,Ni,2,Np,2,F,2014
CsCaVF,Cs,Ca,2,V,2,F,2015
CsVAgF,Cs,V,3,Ag,1,F,2016
CsMgDyF,Cs,Mg,2,Dy,2,F,2017
CsLiBiF,Cs,Li,1,Bi,3,F,2018
CsRhAuF,Cs,Rh,3,Au,1,F,2019
CsAgTlF,Cs,Ag,1,Tl,3,F,2020
CsAlTlF,Cs,Al,3,Tl,1,F,2021
CsFeHgF,Cs,Fe,3,Hg,1,F,2022
CsLiUF,Cs,Li,1,U,3,F,2023
CsCrYbF,Cs,Cr,2,Yb,2,F,2024
CsSrPdF,Cs,Sr,2,Pd,2,F,2025
CsTiSrF,Cs,Ti,2,Sr,2,F,2026
CsMnNdF,Cs,Mn,2,Nd,2,F,2027
CsTiAuF,Cs,Ti,3,Au,1,F,2028
CsAuHgF,Cs,Au,3,Hg,1,F,2029
CsNiBaF,Cs,Ni,2,Ba,2,F,2030
CsAgErF,Cs,Ag,1,Er,3,F,2031
CsMnTmF,Cs,Mn,2,Tm,2,F,2032
CsNaPdF,Cs,Na,1,Pd,3,F,2033
CsNaSbF,Cs,Na,1,Sb,3,F,2034
CsCuNpF,Cs,Cu,1,Np,3,F,2035
CsUVacF,Cs,U,4,Vac,0,F,2036
CsCuCeF,Cs,Cu,1,Ce,3,F,2037
CsKRhF,Cs,K,1,Rh,3,F,2038
CsFeBaF,Cs,Fe,2,Ba,2,F,2039
CsNaUF,Cs,Na,1,U,3,F,2040
CsCoBaF,Cs,Co,2,Ba,2,F,2041
CsIrAuF,Cs,Ir,3,Au,1,F,2042
CsTiPbF,Cs,Ti,2,Pb,2,F,2043
CsKTiF,Cs,K,1,Ti,3,F,2044
CsNaBiF,Cs,Na,1,Bi,3,F,2045
CsYAgF,Cs,Y,3,Ag,1,F,2046
CsCdNpF,Cs,Cd,2,Np,2,F,2047
CsPdPbF,Cs,Pd,2,Pb,2,F,2048
CsTmYbF,Cs,Tm,2,Yb,2,F,2049
CsRuAuF,Cs,Ru,3,Au,1,F,2050
CsAgHoF,Cs,Ag,1,Ho,3,F,2051
CsLuHgF,Cs,Lu,3,Hg,1,F,2052
CsNaLaF,Cs,Na,1,La,3,F,2053
CsZnTmF,Cs,Zn,2,Tm,2,F,2054
CsMnYbF,Cs,Mn,2,Yb,2,F,2055
CsBTlF,Cs,B,3,Tl,1,F,2056
CsCuPuF,Cs,Cu,1,Pu,3,F,2057
CsNiHgF,Cs,Ni,3,Hg,1,F,2058
CsLiNpF,Cs,Li,1,Np,3,F,2059
CsLiCeF,Cs,Li,1,Ce,3,F,2060
CsNaAgF,Cs,Na,1,Ag,3,F,2061
CsGaAgF,Cs,Ga,3,Ag,1,F,2062
CsAsHgF,Cs,As,3,Hg,1,F,2063
CsAlRbF,Cs,Al,3,Rb,1,F,2064
CsCrNdF,Cs,Cr,2,Nd,2,F,2065
CsCoDyF,Cs,Co,2,Dy,2,F,2066
CsCoHgF,Cs,Co,3,Hg,1,F,2067
CsNaScF,Cs,Na,1,Sc,3,F,2068
CsFeDyF,Cs,Fe,2,Dy,2,F,2069
CsCaCrF,Cs,Ca,2,Cr,2,F,2070
CsCrAgF,Cs,Cr,3,Ag,1,F,2071
CsYbHgF,Cs,Yb,3,Hg,1,F,2072
CsCuRbF,Cs,Cu,3,Rb,1,F,2073
CsMoAuF,Cs,Mo,3,Au,1,F,2074
CsKRuF,Cs,K,1,Ru,3,F,2075
CsNaPaF,Cs,Na,1,Pa,3,F,2076
CsKIrF,Cs,K,1,Ir,3,F,2077
CsMnAgF,Cs,Mn,3,Ag,1,F,2078
CsAgDyF,Cs,Ag,1,Dy,3,F,2079
CsLiPuF,Cs,Li,1,Pu,3,F,2080
CsZnHgF,Cs,Zn,2,Hg,2,F,2081
CsCuPrF,Cs,Cu,1,Pr,3,F,2082
CsGeTmF,Cs,Ge,2,Tm,2,F,2083
CsZnYbF,Cs,Zn,2,Yb,2,F,2084
CsNiDyF,Cs,Ni,2,Dy,2,F,2085
CsCuNdF,Cs,Cu,1,Nd,3,F,2086
CsCaDyF,Cs,Ca,2,Dy,2,F,2087
CsTmHgF,Cs,Tm,3,Hg,1,F,2088
CsKMoF,Cs,K,1,Mo,3,F,2089
CsMgBaF,Cs,Mg,2,Ba,2,F,2090
CsTiAmF,Cs,Ti,2,Am,2,F,2091
CsBFrF,Cs,B,3,Fr,1,F,2092
CsGeYbF,Cs,Ge,2,Yb,2,F,2093
CsCaMnF,Cs,Ca,2,Mn,2,F,2094
CsCdPtF,Cs,Cd,2,Pt,2,F,2095
CsGeHgF,Cs,Ge,2,Hg,2,F,2096
CsLiPrF,Cs,Li,1,Pr,3,F,2097
CsMgTmF,Cs,Mg,2,Tm,2,F,2098
CsAgTbF,Cs,Ag,1,Tb,3,F,2099
CsHgTlF,Cs,Hg,1,Tl,3,F,2100
CsCoTlF,Cs,Co,3,Tl,1,F,2101
CsCuAmF,Cs,Cu,1,Am,3,F,2102
CsLiNdF,Cs,Li,1,Nd,3,F,2103
CsGeBaF,Cs,Ge,2,Ba,2,F,2104
CsAsTlF,Cs,As,3,Tl,1,F,2105
CsNiTlF,Cs,Ni,3,Tl,1,F,2106
CsTiSmF,Cs,Ti,2,Sm,2,F,2107
CsErHgF,Cs,Er,3,Hg,1,F,2108
CsVNdF,Cs,V,2,Nd,2,F,2109
CsCuBaF,Cs,Cu,2,Ba,2,F,2110
CsMgYbF,Cs,Mg,2,Yb,2,F,2111
CsCaZnF,Cs,Ca,2,Zn,2,F,2112
CsCeVacF,Cs,Ce,4,Vac,0,F,2113
CsVCdF,Cs,V,2,Cd,2,F,2114
CsNaNbF,Cs,Na,1,Nb,3,F,2115
CsMgHgF,Cs,Mg,2,Hg,2,F,2116
CsCuPmF,Cs,Cu,1,Pm,3,F,2117
CsAgPtF,Cs,Ag,2,Pt,2,F,2118
CsCuCmF,Cs,Cu,1,Cm,3,F,2119
CsNpVacF,Cs,Np,4,Vac,0,F,2120
CsNaTaF,Cs,Na,1,Ta,3,F,2121
CsBeNdF,Cs,Be,2,Nd,2,F,2122
CsLiAmF,Cs,Li,1,Am,3,F,2123
CsAgGdF,Cs,Ag,1,Gd,3,F,2124
CsDyYbF,Cs,Dy,2,Yb,2,F,2125
CsYHgF,Cs,Y,3,Hg,1,F,2126
CsNbAuF,Cs,Nb,3,Au,1,F,2127
CsZnBaF,Cs,Zn,2,Ba,2,F,2128
CsNdPtF,Cs,Nd,2,Pt,2,F,2129
CsTaAuF,Cs,Ta,3,Au,1,F,2130
CsHoHgF,Cs,Ho,3,Hg,1,F,2131
CsCaGeF,Cs,Ca,2,Ge,2,F,2132
CsCuHgF,Cs,Cu,3,Hg,1,F,2133
CsLiCmF,Cs,Li,1,Cm,3,F,2134
CsCaCuF,Cs,Ca,2,Cu,2,F,2135
CsAsAgF,Cs,As,3,Ag,1,F,2136
CsLiPmF,Cs,Li,1,Pm,3,F,2137
CsCuSmF,Cs,Cu,1,Sm,3,F,2138
CsCoTmF,Cs,Co,2,Tm,2,F,2139
CsAgEuF,Cs,Ag,1,Eu,3,F,2140
CsAlHgF,Cs,Al,3,Hg,1,F,2141
CsFeTmF,Cs,Fe,2,Tm,2,F,2142
CsCoRbF,Cs,Co,3,Rb,1,F,2143
CsFeTlF,Cs,Fe,3,Tl,1,F,2144
CsKNbF,Cs,K,1,Nb,3,F,2145
CsNiRbF,Cs,Ni,3,Rb,1,F,2146
CsMnBaF,Cs,Mn,2,Ba,2,F,2147
CsCaNpF,Cs,Ca,2,Np,2,F,2148
CsDyTmF,Cs,Dy,2,Tm,2,F,2149
CsKTaF,Cs,K,1,Ta,3,F,2150
CsAsRbF,Cs,As,3,Rb,1,F,2151
CsDyHgF,Cs,Dy,3,Hg,1,F,2152
CsNiTmF,Cs,Ni,2,Tm,2,F,2153
CsMgCaF,Cs,Mg,2,Ca,2,F,2154
CsPuVacF,Cs,Pu,4,Vac,0,F,2155
CsLiSmF,Cs,Li,1,Sm,3,F,2156
CsCoYbF,Cs,Co,2,Yb,2,F,2157
CsCuEuF,Cs,Cu,1,Eu,3,F,2158
CsFeYbF,Cs,Fe,2,Yb,2,F,2159
CsCrCdF,Cs,Cr,2,Cd,2,F,2160
CsAgSmF,Cs,Ag,1,Sm,3,F,2161
CsNiYbF,Cs,Ni,2,Yb,2,F,2162
CsPdAcF,Cs,Pd,1,Ac,3,F,2163
CsNaMoF,Cs,Na,1,Mo,3,F,2164
CsMnTlF,Cs,Mn,3,Tl,1,F,2165
CsTbHgF,Cs,Tb,3,Hg,1,F,2166
CsCuGdF,Cs,Cu,1,Gd,3,F,2167
CsCrBaF,Cs,Cr,2,Ba,2,F,2168
CsScAuF,Cs,Sc,3,Au,1,F,2169
CsCrTlF,Cs,Cr,3,Tl,1,F,2170
CsNaMdF,Cs,Na,1,Md,3,F,2171
CsLiEuF,Cs,Li,1,Eu,3,F,2172
CsFeRbF,Cs,Fe,3,Rb,1,F,2173
CsSrAgF,Cs,Sr,2,Ag,2,F,2174
CsAgPmF,Cs,Ag,1,Pm,3,F,2175
CsYbNpF,Cs,Yb,2,Np,2,F,2176
CsCdEuF,Cs,Cd,2,Eu,2,F,2177
CsAgCmF,Cs,Ag,1,Cm,3,F,2178
CsGaTlF,Cs,Ga,3,Tl,1,F,2179
CsAmVacF,Cs,Am,4,Vac,0,F,2180
CsNaIrF,Cs,Na,1,Ir,3,F,2181
CsNaRuF,Cs,Na,1,Ru,3,F,2182
CsMnCdF,Cs,Mn,2,Cd,2,F,2183
CsPrVacF,Cs,Pr,4,Vac,0,F,2184
CsCmVacF,Cs,Cm,4,Vac,0,F,2185
CsLiGdF,Cs,Li,1,Gd,3,F,2186
CsCaCoF,Cs,Ca,2,Co,2,F,2187
CsKScF,Cs,K,1,Sc,3,F,2188
CsAgAmF,Cs,Ag,1,Am,3,F,2189
CsNaFmF,Cs,Na,1,Fm,3,F,2190
CsCaFeF,Cs,Ca,2,Fe,2,F,2191
CsPdFmF,Cs,Pd,1,Fm,3,F,2192
CsGdHgF,Cs,Gd,3,Hg,1,F,2193
CsCuTbF,Cs,Cu,1,Tb,3,F,2194
CsSrCdF,Cs,Sr,2,Cd,2,F,2195
CsKAgF,Cs,K,1,Ag,3,F,2196
CsSbAuF,Cs,Sb,3,Au,1,F,2197
CsTmNpF,Cs,Tm,2,Np,2,F,2198
CsAgPbF,Cs,Ag,2,Pb,2,F,2199
CsCaNiF,Cs,Ca,2,Ni,2,F,2200
CsZnCdF,Cs,Zn,2,Cd,2,F,2201
CsNaTiF,Cs,Na,1,Ti,3,F,2202
CsMnRbF,Cs,Mn,3,Rb,1,F,2203
CsAgNdF,Cs,Ag,1,Nd,3,F,2204
CsCrRbF,Cs,Cr,3,Rb,1,F,2205
CsNaRhF,Cs,Na,1,Rh,3,F,2206
CsAlAgF,Cs,Al,3,Ag,1,F,2207
CsPdMdF,Cs,Pd,1,Md,3,F,2208
CsEuHgF,Cs,Eu,3,Hg,1,F,2209
CsLiTbF,Cs,Li,1,Tb,3,F,2210
CsCuDyF,Cs,Cu,1,Dy,3,F,2211
CsAgPrF,Cs,Ag,1,Pr,3,F,2212
CsNaAcF,Cs,Na,1,Ac,3,F,2213
CsGaRbF,Cs,Ga,3,Rb,1,F,2214
CsVBaF,Cs,V,2,Ba,2,F,2215
CsKSbF,Cs,K,1,Sb,3,F,2216
CsVTlF,Cs,V,3,Tl,1,F,2217
CsKPdF,Cs,K,1,Pd,3,F,2218
CsCdPbF,Cs,Cd,2,Pb,2,F,2219
CsZnAgF,Cs,Zn,2,Ag,2,F,2220
CsCuCdF,Cs,Cu,2,Cd,2,F,2221
CsGeCdF,Cs,Ge,2,Cd,2,F,2222
CsNRbF,Cs,N,3,Rb,1,F,2223
CsSmHgF,Cs,Sm,3,Hg,1,F,2224
CsLiDyF,Cs,Li,1,Dy,3,F,2225
CsTiNdF,Cs,Ti,2,Nd,2,F,2226
CsBaPtF,Cs,Ba,2,Pt,2,F,2227
CsAgPuF,Cs,Ag,1,Pu,3,F,2228
CsCuHoF,Cs,Cu,1,Ho,3,F,2229
CsBeSmF,Cs,Be,2,Sm,2,F,2230
CsMgCdF,Cs,Mg,2,Cd,2,F,2231
CsGeAgF,Cs,Ge,2,Ag,2,F,2232
CsCuAgF,Cs,Cu,2,Ag,2,F,2233
CsCuYF,Cs,Cu,1,Y,3,F,2234
CsPmHgF,Cs,Pm,3,Hg,1,F,2235
CsAgNpF,Cs,Ag,1,Np,3,F,2236
CsHgCmF,Cs,Hg,1,Cm,3,F,2237
CsVRbF,Cs,V,3,Rb,1,F,2238
CsCdAmF,Cs,Cd,2,Am,2,F,2239
CsAgCeF,Cs,Ag,1,Ce,3,F,2240
CsLiHoF,Cs,Li,1,Ho,3,F,2241
CsCuErF,Cs,Cu,1,Er,3,F,2242
CsPdPtF,Cs,Pd,2,Pt,2,F,2243
CsLiYF,Cs,Li,1,Y,3,F,2244
CsNTlF,Cs,N,3,Tl,1,F,2245
CsTiPtF,Cs,Ti,2,Pt,2,F,2246
CsMgAgF,Cs,Mg,2,Ag,2,F,2247
CsNaVF,Cs,Na,1,V,3,F,2248
CsBeAmF,Cs,Be,2,Am,2,F,2249
CsRhTlF,Cs,Rh,3,Tl,1,F,2250
CsHgAmF,Cs,Hg,1,Am,3,F,2251
CsCuTlF,Cs,Cu,1,Tl,3,F,2252
CsDyNpF,Cs,Dy,2,Np,2,F,2253
CsTiTlF,Cs,Ti,3,Tl,1,F,2254
CsNiRaF,Cs,Ni,2,Ra,2,F,2255
CsCdSmF,Cs,Cd,2,Sm,2,F,2256
CsInAuF,Cs,In,3,Au,1,F,2257
CsCaEuF,Cs,Ca,2,Eu,2,F,2258
CsLiErF,Cs,Li,1,Er,3,F,2259
CsBKF,Cs,B,3,K,1,F,2260
CsCuTmF,Cs,Cu,1,Tm,3,F,2261
CsTiVF,Cs,Ti,2,V,2,F,2262
CsNdHgF,Cs,Nd,3,Hg,1,F,2263
CsCoCdF,Cs,Co,2,Cd,2,F,2264
CsAgUF,Cs,Ag,1,U,3,F,2265
CsFeRaF,Cs,Fe,2,Ra,2,F,2266
CsLiTlF,Cs,Li,1,Tl,3,F,2267
CsFeCdF,Cs,Fe,2,Cd,2,F,2268
CsCoRaF,Cs,Co,2,Ra,2,F,2269
CsPrHgF,Cs,Pr,3,Hg,1,F,2270
CsKInF,Cs,K,1,In,3,F,2271
CsIrTlF,Cs,Ir,3,Tl,1,F,2272
CsAgBiF,Cs,Ag,1,Bi,3,F,2273
CsRuTlF,Cs,Ru,3,Tl,1,F,2274
CsCaSrF,Cs,Ca,2,Sr,2,F,2275
CsBePbF,Cs,Be,2,Pb,2,F,2276
CsLiTmF,Cs,Li,1,Tm,3,F,2277
CsNiCdF,Cs,Ni,2,Cd,2,F,2278
CsNaGaF,Cs,Na,1,Ga,3,F,2279
CsBAuF,Cs,B,3,Au,1,F,2280
CsAgLaF,Cs,Ag,1,La,3,F,2281
CsCuYbF,Cs,Cu,1,Yb,3,F,2282
CsCoAgF,Cs,Co,2,Ag,2,F,2283
CsRbRhF,Cs,Rb,1,Rh,3,F,2284
CsNaCrF,Cs,Na,1,Cr,3,F,2285
CsFeAgF,Cs,Fe,2,Ag,2,F,2286
CsNaMnF,Cs,Na,1,Mn,3,F,2287
CsEuYbF,Cs,Eu,2,Yb,2,F,2288
CsAgPaF,Cs,Ag,1,Pa,3,F,2289
CsCaPbF,Cs,Ca,2,Pb,2,F,2290
CsHgPuF,Cs,Hg,1,Pu,3,F,2291
CsMoTlF,Cs,Mo,3,Tl,1,F,2292
CsTiRbF,Cs,Ti,3,Rb,1,F,2293
CsCuLuF,Cs,Cu,1,Lu,3,F,2294
CsPHgF,Cs,P,3,Hg,1,F,2295
CsNiAgF,Cs,Ni,2,Ag,2,F,2296
CsPdPaF,Cs,Pd,1,Pa,3,F,2297
CsBeSrF,Cs,Be,2,Sr,2,F,2298
CsLiYbF,Cs,Li,1,Yb,3,F,2299
CsTiCrF,Cs,Ti,2,Cr,2,F,2300
CsPdLaF,Cs,Pd,1,La,3,F,2301
CsLiLuF,Cs,Li,1,Lu,3,F,2302
CsRbIrF,Cs,Rb,1,Ir,3,F,2303
CsHgNpF,Cs,Hg,1,Np,3,F,2304
CsCeHgF,Cs,Ce,3,Hg,1,F,2305
CsSrYbF,Cs,Sr,2,Yb,2,F,2306
CsEuTmF,Cs,Eu,2,Tm,2,F,2307
CsMgRaF,Cs,Mg,2,Ra,2,F,2308
CsSrHgF,Cs,Sr,2,Hg,2,F,2309
CsRbRuF,Cs,Rb,1,Ru,3,F,2310
CsCuAuF,Cs,Cu,1,Au,3,F,2311
CsBeEuF,Cs,Be,2,Eu,2,F,2312
CsPdBiF,Cs,Pd,1,Bi,3,F,2313
CsNaFeF,Cs,Na,1,Fe,3,F,2314
CsPdUF,Cs,Pd,1,U,3,F,2315
CsHgPbF,Cs,Hg,2,Pb,2,F,2316
CsPdBaF,Cs,Pd,2,Ba,2,F,2317
CsRbMoF,Cs,Rb,1,Mo,3,F,2318
CsSrTmF,Cs,Sr,2,Tm,2,F,2319
CsYbPbF,Cs,Yb,2,Pb,2,F,2320
CsGeRaF,Cs,Ge,2,Ra,2,F,2321
CsCuRaF,Cs,Cu,2,Ra,2,F,2322
CsTiBaF,Cs,Ti,2,Ba,2,F,2323
CsCaAmF,Cs,Ca,2,Am,2,F,2324
CsLiAuF,Cs,Li,1,Au,3,F,2325
CsTiMnF,Cs,Ti,2,Mn,2,F,2326
CsHgUF,Cs,Hg,1,U,3,F,2327
CsHgBiF,Cs,Hg,1,Bi,3,F,2328
CsCaSmF,Cs,Ca,2,Sm,2,F,2329
CsZnRaF,Cs,Zn,2,Ra,2,F,2330
CsTaTlF,Cs,Ta,3,Tl,1,F,2331
CsTmPbF,Cs,Tm,2,Pb,2,F,2332
CsAuAuF,Cs,Au,1,Au,3,F,2333
CsNbTlF,Cs,Nb,3,Tl,1,F,2334
CsNaNiF,Cs,Na,1,Ni,3,F,2335
CsNaAsF,Cs,Na,1,As,3,F,2336
CsTiZnF,Cs,Ti,2,Zn,2,F,2337
CsPdCeF,Cs,Pd,1,Ce,3,F,2338
CsZnPdF,Cs,Zn,2,Pd,2,F,2339
CsPdNpF,Cs,Pd,1,Np,3,F,2340
CsLaHgF,Cs,La,3,Hg,1,F,2341
CsNaCoF,Cs,Na,1,Co,3,F,2342
CsNaThF,Cs,Na,1,Th,3,F,2343
CsMnRaF,Cs,Mn,2,Ra,2,F,2344
CsHgPaF,Cs,Hg,1,Pa,3,F,2345
CsKAuF,Cs,K,1,Au,3,F,2346
CsYbAmF,Cs,Yb,2,Am,2,F,2347
CsVPtF,Cs,V,2,Pt,2,F,2348
CsGePdF,Cs,Ge,2,Pd,2,F,2349
CsPdPuF,Cs,Pd,1,Pu,3,F,2350
CsTiGeF,Cs,Ti,2,Ge,2,F,2351
CsPAgF,Cs,P,3,Ag,1,F,2352
CsCuPdF,Cs,Cu,2,Pd,2,F,2353
CsLuAuF,Cs,Lu,3,Au,1,F,2354
CsYbAuF,Cs,Yb,3,Au,1,F,2355
CsSmYbF,Cs,Sm,2,Yb,2,F,2356
CsCdNdF,Cs,Cd,2,Nd,2,F,2357
CsPFrF,Cs,P,3,Fr,1,F,2358
CsRbTaF,Cs,Rb,1,Ta,3,F,2359
CsEuDyF,Cs,Eu,2,Dy,2,F,2360
CsRbNbF,Cs,Rb,1,Nb,3,F,2361
CsTmAmF,Cs,Tm,2,Am,2,F,2362
CsPdPrF,Cs,Pd,1,Pr,3,F,2363
CsMgTiF,Cs,Mg,2,Ti,2,F,2364
CsMgPdF,Cs,Mg,2,Pd,2,F,2365
CsKLuF,Cs,K,1,Lu,3,F,2366
CsScTlF,Cs,Sc,3,Tl,1,F,2367
CsCrRaF,Cs,Cr,2,Ra,2,F,2368
CsAgMdF,Cs,Ag,1,Md,3,F,2369
CsPdNdF,Cs,Pd,1,Nd,3,F,2370
CsKYbF,Cs,K,1,Yb,3,F,2371
CsCuInF,Cs,Cu,1,In,3,F,2372
CsSmTmF,Cs,Sm,2,Tm,2,F,2373
CsSrDyF,Cs,Sr,2,Dy,2,F,2374
CsTmAuF,Cs,Tm,3,Au,1,F,2375
CsCrPtF,Cs,Cr,2,Pt,2,F,2376
CsPdAmF,Cs,Pd,1,Am,3,F,2377
CsAuTlF,Cs,Au,1,Tl,3,F,2378
CsAgFmF,Cs,Ag,1,Fm,3,F,2379
CsPdCmF,Cs,Pd,1,Cm,3,F,2380
CsNaCuF,Cs,Na,1,Cu,3,F,2381
CsLiInF,Cs,Li,1,In,3,F,2382
CsPdPmF,Cs,Pd,1,Pm,3,F,2383
CsErAuF,Cs,Er,3,Au,1,F,2384
CsDyPbF,Cs,Dy,2,Pb,2,F,2385
CsSbTlF,Cs,Sb,3,Tl,1,F,2386
CsKTmF,Cs,K,1,Tm,3,F,2387
CsCoPdF,Cs,Co,2,Pd,2,F,2388
CsTiCoF,Cs,Ti,2,Co,2,F,2389
CsFePdF,Cs,Fe,2,Pd,2,F,2390
CsTiFeF,Cs,Ti,2,Fe,2,F,2391
CsVCrF,Cs,V,2,Cr,2,F,2392
CsNaAlF,Cs,Na,1,Al,3,F,2393
CsKTlF,Cs,K,1,Tl,3,F,2394
CsScRbF,Cs,Sc,3,Rb,1,F,2395
CsMnPtF,Cs,Mn,2,Pt,2,F,2396
CsNiPdF,Cs,Ni,2,Pd,2,F,2397
CsPbVacF,Cs,Pb,4,Vac,0,F,2398
CsTiNiF,Cs,Ti,2,Ni,2,F,2399
CsBeNpF,Cs,Be,2,Np,2,F,2400
CsAgAcF,Cs,Ag,1,Ac,3,F,2401
CsYAuF,Cs,Y,3,Au,1,F,2402
CsRbAgF,Cs,Rb,1,Ag,3,F,2403
CsVRaF,Cs,V,2,Ra,2,F,2404
CsKErF,Cs,K,1,Er,3,F,2405
CsEuNpF,Cs,Eu,2,Np,2,F,2406
CsHoAuF,Cs,Ho,3,Au,1,F,2407
CsPdSmF,Cs,Pd,1,Sm,3,F,2408
CsNKF,Cs,N,3,K,1,F,2409
CsVMnF,Cs,V,2,Mn,2,F,2410
CsZnPtF,Cs,Zn,2,Pt,2,F,2411
CsKYF,Cs,K,1,Y,3,F,2412
CsRbSbF,Cs,Rb,1,Sb,3,F,2413
CsPtRaF,Cs,Pt,2,Ra,2,F,2414
CsSrNpF,Cs,Sr,2,Np,2,F,2415
CsRbPdF,Cs,Rb,1,Pd,3,F,2416
CsDyAmF,Cs,Dy,2,Am,2,F,2417
CsKHoF,Cs,K,1,Ho,3,F,2418
CsDyAuF,Cs,Dy,3,Au,1,F,2419
CsPdEuF,Cs,Pd,1,Eu,3,F,2420
CsHgMdF,Cs,Hg,1,Md,3,F,2421
CsCuPtF,Cs,Cu,2,Pt,2,F,2422
CsGePtF,Cs,Ge,2,Pt,2,F,2423
CsVZnF,Cs,V,2,Zn,2,F,2424
CsCuSbF,Cs,Cu,1,Sb,3,F,2425
CsNAuF,Cs,N,3,Au,1,F,2426
CsCaNdF,Cs,Ca,2,Nd,2,F,2427
CsAgBaF,Cs,Ag,2,Ba,2,F,2428
CsPbNpF,Cs,Pb,2,Np,2,F,2429
CsSmDyF,Cs,Sm,2,Dy,2,F,2430
CsPdGdF,Cs,Pd,1,Gd,3,F,2431
CsKDyF,Cs,K,1,Dy,3,F,2432
CsTbAuF,Cs,Tb,3,Au,1,F,2433
CsHgFmF,Cs,Hg,1,Fm,3,F,2434
CsMgPtF,Cs,Mg,2,Pt,2,F,2435
CsLiSbF,Cs,Li,1,Sb,3,F,2436
CsVGeF,Cs,V,2,Ge,2,F,2437
CsTbVacF,Cs,Tb,4,Vac,0,F,2438
CsBeDyF,Cs,Be,2,Dy,2,F,2439
CsLiPdF,Cs,Li,1,Pd,3,F,2440
CsInTlF,Cs,In,3,Tl,1,F,2441
CsCdBaF,Cs,Cd,2,Ba,2,F,2442
CsKTbF,Cs,K,1,Tb,3,F,2443
CsCrMnF,Cs,Cr,2,Mn,2,F,2444
CsScCuF,Cs,Sc,3,Cu,1,F,2445
CsPdTbF,Cs,Pd,1,Tb,3,F,2446
CsGdAuF,Cs,Gd,3,Au,1,F,2447
CsLiAgF,Cs,Li,1,Ag,3,F,2448
CsMgVF,Cs,Mg,2,V,2,F,2449
CsNpAmF,Cs,Np,2,Am,2,F,2450
CsNdYbF,Cs,Nd,2,Yb,2,F,2451
CsHgAcF,Cs,Hg,1,Ac,3,F,2452
CsLiScF,Cs,Li,1,Sc,3,F,2453
CsCrZnF,Cs,Cr,2,Zn,2,F,2454
CsPdDyF,Cs,Pd,1,Dy,3,F,2455
CsEuAuF,Cs,Eu,3,Au,1,F,2456
CsKGdF,Cs,K,1,Gd,3,F,2457
CsNdTmF,Cs,Nd,2,Tm,2,F,2458
CsRbInF,Cs,Rb,1,In,3,F,2459
CsSmNpF,Cs,Sm,2,Np,2,F,2460
CsCoPtF,Cs,Co,2,Pt,2,F,2461
CsCrGeF,Cs,Cr,2,Ge,2,F,2462
CsFePtF,Cs,Fe,2,Pt,2,F,2463
CsPdHoF,Cs,Pd,1,Ho,3,F,2464
CsKEuF,Cs,K,1,Eu,3,F,2465
CsCuNbF,Cs,Cu,1,Nb,3,F,2466
CsCuTaF,Cs,Cu,1,Ta,3,F,2467
CsMnZnF,Cs,Mn,2,Zn,2,F,2468
CsYPdF,Cs,Y,3,Pd,1,F,2469
CsNiPtF,Cs,Ni,2,Pt,2,F,2470
CsSmAuF,Cs,Sm,3,Au,1,F,2471
CsVCoF,Cs,V,2,Co,2,F,2472
CsVFeF,Cs,V,2,Fe,2,F,2473
CsMgCrF,Cs,Mg,2,Cr,2,F,2474
CsAlFrF,Cs,Al,3,Fr,1,F,2475
CsBeTmF,Cs,Be,2,Tm,2,F,2476
CsVNiF,Cs,V,2,Ni,2,F,2477
CsLiTaF,Cs,Li,1,Ta,3,F,2478
CsMnGeF,Cs,Mn,2,Ge,2,F,2479
CsLiNbF,Cs,Li,1,Nb,3,F,2480
CsPdErF,Cs,Pd,1,Er,3,F,2481
CsKSmF,Cs,K,1,Sm,3,F,2482
CsPmAuF,Cs,Pm,3,Au,1,F,2483
CsCuFrF,Cs,Cu,3,Fr,1,F,2484
CsTiRaF,Cs,Ti,2,Ra,2,F,2485
CsAuCmF,Cs,Au,1,Cm,3,F,2486
CsPdRaF,Cs,Pd,2,Ra,2,F,2487
CsPdTlF,Cs,Pd,1,Tl,3,F,2488
CsAuAmF,Cs,Au,1,Am,3,F,2489
CsZnGeF,Cs,Zn,2,Ge,2,F,2490
CsBeYbF,Cs,Be,2,Yb,2,F,2491
CsBeHgF,Cs,Be,2,Hg,2,F,2492
CsMgMnF,Cs,Mg,2,Mn,2,F,2493
CsCuZnF,Cs,Cu,2,Zn,2,F,2494
CsPdTmF,Cs,Pd,1,Tm,3,F,2495
CsKPmF,Cs,K,1,Pm,3,F,2496
CsSrEuF,Cs,Sr,2,Eu,2,F,2497
CsCaBaF,Cs,Ca,2,Ba,2,F,2498
CsKCmF,Cs,K,1,Cm,3,F,2499
CsNdAuF,Cs,Nd,3,Au,1,F,2500
CsCrCoF,Cs,Cr,2,Co,2,F,2501
CsKAmF,Cs,K,1,Am,3,F,2502
CsBHgF,Cs,B,3,Hg,1,F,2503
CsNaPF,Cs,Na,1,P,3,F,2504
CsMgZnF,Cs,Mg,2,Zn,2,F,2505
CsCuMoF,Cs,Cu,1,Mo,3,F,2506
CsCuGeF,Cs,Cu,2,Ge,2,F,2507
CsCrFeF,Cs,Cr,2,Fe,2,F,2508
CsPdYbF,Cs,Pd,1,Yb,3,F,2509
CsAgThF,Cs,Ag,1,Th,3,F,2510
CsEuPbF,Cs,Eu,2,Pb,2,F,2511
CsNdDyF,Cs,Nd,2,Dy,2,F,2512
CsPrAuF,Cs,Pr,3,Au,1,F,2513
CsLuTlF,Cs,Lu,3,Tl,1,F,2514
CsCrNiF,Cs,Cr,2,Ni,2,F,2515
CsKNdF,Cs,K,1,Nd,3,F,2516
CsPdLuF,Cs,Pd,1,Lu,3,F,2517
CsBeCaF,Cs,Be,2,Ca,2,F,2518
CsMgCuF,Cs,Mg,2,Cu,2,F,2519
CsMgGeF,Cs,Mg,2,Ge,2,F,2520
CsCuRuF,Cs,Cu,1,Ru,3,F,2521
CsLiMoF,Cs,Li,1,Mo,3,F,2522
CsCuIrF,Cs,Cu,1,Ir,3,F,2523
CsYbTlF,Cs,Yb,3,Tl,1,F,2524
CsMnCoF,Cs,Mn,2,Co,2,F,2525
CsRbAuF,Cs,Rb,1,Au,3,F,2526
CsBaYbF,Cs,Ba,2,Yb,2,F,2527
CsKPrF,Cs,K,1,Pr,3,F,2528
CsAuPuF,Cs,Au,1,Pu,3,F,2529
CsSrPbF,Cs,Sr,2,Pb,2,F,2530
CsBaHgF,Cs,Ba,2,Hg,2,F,2531
CsMnFeF,Cs,Mn,2,Fe,2,F,2532
CsTiCuF,Cs,Ti,3,Cu,1,F,2533
CsPdAuF,Cs,Pd,1,Au,3,F,2534
CsMnNiF,Cs,Mn,2,Ni,2,F,2535
CsLiIrF,Cs,Li,1,Ir,3,F,2536
CsZrVacF,Cs,Zr,4,Vac,0,F,2537
CsLiRuF,Cs,Li,1,Ru,3,F,2538
CsCoFrF,Cs,Co,3,Fr,1,F,2539
CsCoZnF,Cs,Co,2,Zn,2,F,2540
CsAuNpF,Cs,Au,1,Np,3,F,2541
CsBaTmF,Cs,Ba,2,Tm,2,F,2542
CsCeAuF,Cs,Ce,3,Au,1,F,2543
CsAsFrF,Cs,As,3,Fr,1,F,2544
CsNiFrF,Cs,Ni,3,Fr,1,F,2545
CsKPuF,Cs,K,1,Pu,3,F,2546
CsEuAmF,Cs,Eu,2,Am,2,F,2547
CsTmTlF,Cs,Tm,3,Tl,1,F,2548
CsRbLuF,Cs,Rb,1,Lu,3,F,2549
CsCuRhF,Cs,Cu,1,Rh,3,F,2550
CsFeZnF,Cs,Fe,2,Zn,2,F,2551
CsTlTlF,Cs,Tl,1,Tl,3,F,2552
CsLiTiF,Cs,Li,1,Ti,3,F,2553
CsNiZnF,Cs,Ni,2,Zn,2,F,2554
CsRbYbF,Cs,Rb,1,Yb,3,F,2555
CsCoGeF,Cs,Co,2,Ge,2,F,2556
CsCoCuF,Cs,Co,2,Cu,2,F,2557
CsKNpF,Cs,K,1,Np,3,F,2558
CsSmEuF,Cs,Sm,2,Eu,2,F,2559
CsErTlF,Cs,Er,3,Tl,1,F,2560
CsNdNpF,Cs,Nd,2,Np,2,F,2561
CsSrAmF,Cs,Sr,2,Am,2,F,2562
CsKCeF,Cs,K,1,Ce,3,F,2563
CsLiRhF,Cs,Li,1,Rh,3,F,2564
CsFeGeF,Cs,Fe,2,Ge,2,F,2565
CsAuUF,Cs,Au,1,U,3,F,2566
CsNiCuF,Cs,Ni,2,Cu,2,F,2567
CsBAgF,Cs,B,3,Ag,1,F,2568
CsHfVacF,Cs,Hf,4,Vac,0,F,2569
CsNiGeF,Cs,Ni,2,Ge,2,F,2570
CsFeFrF,Cs,Fe,3,Fr,1,F,2571
CsMgCoF,Cs,Mg,2,Co,2,F,2572
CsHgThF,Cs,Hg,1,Th,3,F,2573
CsPbAmF,Cs,Pb,2,Am,2,F,2574
CsYTlF,Cs,Y,3,Tl,1,F,2575
CsAuBiF,Cs,Au,1,Bi,3,F,2576
CsSrSmF,Cs,Sr,2,Sm,2,F,2577
CsRbTmF,Cs,Rb,1,Tm,3,F,2578
CsMgFeF,Cs,Mg,2,Fe,2,F,2579
CsHoTlF,Cs,Ho,3,Tl,1,F,2580
CsLaAuF,Cs,La,3,Au,1,F,2581
CsKUF,Cs,K,1,U,3,F,2582
CsRbTlF,Cs,Rb,1,Tl,3,F,2583
CsMgNiF,Cs,Mg,2,Ni,2,F,2584
CsVCuF,Cs,V,3,Cu,1,F,2585
CsRbErF,Cs,Rb,1,Er,3,F,2586
CsSmPbF,Cs,Sm,2,Pb,2,F,2587
CsAuPaF,Cs,Au,1,Pa,3,F,2588
CsKBiF,Cs,K,1,Bi,3,F,2589
CsKLaF,Cs,K,1,La,3,F,2590
CsDyTlF,Cs,Dy,3,Tl,1,F,2591
CsMnFrF,Cs,Mn,3,Fr,1,F,2592
CsCrFrF,Cs,Cr,3,Fr,1,F,2593
CsBeCdF,Cs,Be,2,Cd,2,F,2594
CsLiVF,Cs,Li,1,V,3,F,2595
CsAgRaF,Cs,Ag,2,Ra,2,F,2596
CsRbYF,Cs,Rb,1,Y,3,F,2597
CsBaDyF,Cs,Ba,2,Dy,2,F,2598
CsKPaF,Cs,K,1,Pa,3,F,2599
CsGaFrF,Cs,Ga,3,Fr,1,F,2600
CsRbHoF,Cs,Rb,1,Ho,3,F,2601
CsFeCoF,Cs,Fe,2,Co,2,F,2602
CsTbTlF,Cs,Tb,3,Tl,1,F,2603
CsPdInF,Cs,Pd,1,In,3,F,2604
CsCuGaF,Cs,Cu,1,Ga,3,F,2605
CsBeAgF,Cs,Be,2,Ag,2,F,2606
CsCoNiF,Cs,Co,2,Ni,2,F,2607
CsCrCuF,Cs,Cr,3,Cu,1,F,2608
CsFeNiF,Cs,Fe,2,Ni,2,F,2609
CsCdRaF,Cs,Cd,2,Ra,2,F,2610
CsSmAmF,Cs,Sm,2,Am,2,F,2611
CsRbDyF,Cs,Rb,1,Dy,3,F,2612
CsMnCuF,Cs,Mn,3,Cu,1,F,2613
CsLiGaF,Cs,Li,1,Ga,3,F,2614
CsSnVacF,Cs,Sn,4,Vac,0,F,2615
CsGdTlF,Cs,Gd,3,Tl,1,F,2616
CsLiCrF,Cs,Li,1,Cr,3,F,2617
CsVFrF,Cs,V,3,Fr,1,F,2618
CsLiMnF,Cs,Li,1,Mn,3,F,2619
CsRbTbF,Cs,Rb,1,Tb,3,F,2620
CsFeCuF,Cs,Fe,3,Cu,1,F,2621
CsEuTlF,Cs,Eu,3,Tl,1,F,2622
CsBaNpF,Cs,Ba,2,Np,2,F,2623
CsNbVacF,Cs,Nb,4,Vac,0,F,2624
CsTaVacF,Cs,Ta,4,Vac,0,F,2625
CsLiFeF,Cs,Li,1,Fe,3,F,2626
CsSmTlF,Cs,Sm,3,Tl,1,F,2627
CsRbGdF,Cs,Rb,1,Gd,3,F,2628
CsNdEuF,Cs,Nd,2,Eu,2,F,2629
CsCuAsF,Cs,Cu,1,As,3,F,2630
CsPdSbF,Cs,Pd,1,Sb,3,F,2631
CsNHgF,Cs,N,3,Hg,1,F,2632
CsPdPdF,Cs,Pd,1,Pd,3,F,2633
CsRhFrF,Cs,Rh,3,Fr,1,F,2634
CsAuMdF,Cs,Au,1,Md,3,F,2635
CsRbEuF,Cs,Rb,1,Eu,3,F,2636
CsSrNdF,Cs,Sr,2,Nd,2,F,2637
CsTiFrF,Cs,Ti,3,Fr,1,F,2638
CsPmTlF,Cs,Pm,3,Tl,1,F,2639
CsTlCmF,Cs,Tl,1,Cm,3,F,2640
CsLiNiF,Cs,Li,1,Ni,3,F,2641
CsLiAsF,Cs,Li,1,As,3,F,2642
CsKMdF,Cs,K,1,Md,3,F,2643
CsAuFmF,Cs,Au,1,Fm,3,F,2644
CsTlAmF,Cs,Tl,1,Am,3,F,2645
CsLiCoF,Cs,Li,1,Co,3,F,2646
CsScPdF,Cs,Sc,3,Pd,1,F,2647
CsRbSmF,Cs,Rb,1,Sm,3,F,2648
CsIrFrF,Cs,Ir,3,Fr,1,F,2649
CsNdPbF,Cs,Nd,2,Pb,2,F,2650
CsCaRaF,Cs,Ca,2,Ra,2,F,2651
CsRuFrF,Cs,Ru,3,Fr,1,F,2652
CsNdTlF,Cs,Nd,3,Tl,1,F,2653
CsKFmF,Cs,K,1,Fm,3,F,2654
CsMoFrF,Cs,Mo,3,Fr,1,F,2655
CsPrTlF,Cs,Pr,3,Tl,1,F,2656
CsRbCmF,Cs,Rb,1,Cm,3,F,2657
CsRbPmF,Cs,Rb,1,Pm,3,F,2658
CsAuAcF,Cs,Au,1,Ac,3,F,2659
CsWVacF,Cs,W,4,Vac,0,F,2660
CsRbAmF,Cs,Rb,1,Am,3,F,2661
CsYbRaF,Cs,Yb,2,Ra,2,F,2662
CsHgRaF,Cs,Hg,2,Ra,2,F,2663
CsNdAmF,Cs,Nd,2,Am,2,F,2664
CsKAcF,Cs,K,1,Ac,3,F,2665
CsTlPuF,Cs,Tl,1,Pu,3,F,2666
CsNAgF,Cs,N,3,Ag,1,F,2667
CsCuCuF,Cs,Cu,1,Cu,3,F,2668
CsBeTiF,Cs,Be,2,Ti,2,F,2669
CsBePdF,Cs,Be,2,Pd,2,F,2670
CsPdTaF,Cs,Pd,1,Ta,3,F,2671
CsNbPdF,Cs,Nb,3,Pd,1,F,2672
CsRbNdF,Cs,Rb,1,Nd,3,F,2673
CsAlCuF,Cs,Al,3,Cu,1,F,2674
CsCeTlF,Cs,Ce,3,Tl,1,F,2675
CsNdSmF,Cs,Nd,2,Sm,2,F,2676
CsTlNpF,Cs,Tl,1,Np,3,F,2677
CsTmRaF,Cs,Tm,2,Ra,2,F,2678
CsRbPrF,Cs,Rb,1,Pr,3,F,2679
CsLiCuF,Cs,Li,1,Cu,3,F,2680
CsMoVacF,Cs,Mo,4,Vac,0,F,2681
CsLiAlF,Cs,Li,1,Al,3,F,2682
CsNbFrF,Cs,Nb,3,Fr,1,F,2683
CsRbPuF,Cs,Rb,1,Pu,3,F,2684
CsBaEuF,Cs,Ba,2,Eu,2,F,2685
CsTaFrF,Cs,Ta,3,Fr,1,F,2686
CsTcVacF,Cs,Tc,4,Vac,0,F,2687
CsBNaF,Cs,B,3,Na,1,F,2688
CsTlUF,Cs,Tl,1,U,3,F,2689
CsRbCeF,Cs,Rb,1,Ce,3,F,2690
CsSrBaF,Cs,Sr,2,Ba,2,F,2691
CsTlBiF,Cs,Tl,1,Bi,3,F,2692
CsRbNpF,Cs,Rb,1,Np,3,F,2693
CsMoPdF,Cs,Mo,3,Pd,1,F,2694
CsLaTlF,Cs,La,3,Tl,1,F,2695
CsBaPbF,Cs,Ba,2,Pb,2,F,2696
CsTlPaF,Cs,Tl,1,Pa,3,F,2697
CsRuPdF,Cs,Ru,3,Pd,1,F,2698
CsPdIrF,Cs,Pd,1,Ir,3,F,2699
CsScFrF,Cs,Sc,3,Fr,1,F,2700
CsRbUF,Cs,Rb,1,U,3,F,2701
CsAgFrF,Cs,Ag,3,Fr,1,F,2702
CsRbBiF,Cs,Rb,1,Bi,3,F,2703
CsDyRaF,Cs,Dy,2,Ra,2,F,2704
CsOsVacF,Cs,Os,4,Vac,0,F,2705
CsTiPdF,Cs,Ti,3,Pd,1,F,2706
CsReVacF,Cs,Re,4,Vac,0,F,2707
CsRbLaF,Cs,Rb,1,La,3,F,2708
CsRhPdF,Cs,Rh,3,Pd,1,F,2709
CsIrVacF,Cs,Ir,4,Vac,0,F,2710
CsPtVacF,Cs,Pt,4,Vac,0,F,2711
CsBePtF,Cs,Be,2,Pt,2,F,2712
CsBaAmF,Cs,Ba,2,Am,2,F,2713
CsPdFrF,Cs,Pd,3,Fr,1,F,2714
CsSbFrF,Cs,Sb,3,Fr,1,F,2715
CsRbPaF,Cs,Rb,1,Pa,3,F,2716
CsBeVF,Cs,Be,2,V,2,F,2717
CsRuVacF,Cs,Ru,4,Vac,0,F,2718
CsBaSmF,Cs,Ba,2,Sm,2,F,2719
CsPdVacF,Cs,Pd,4,Vac,0,F,2720
CsVPdF,Cs,V,3,Pd,1,F,2721
CsAuThF,Cs,Au,1,Th,3,F,2722
CsRaNpF,Cs,Ra,2,Np,2,F,2723
CsKThF,Cs,K,1,Th,3,F,2724
CsBeCrF,Cs,Be,2,Cr,2,F,2725
CsTlMdF,Cs,Tl,1,Md,3,F,2726
CsTiSrBr,Cs,Ti,2,Sr,2,Br,2727
CsAuHgBr,Cs,Au,3,Hg,1,Br,2728
CsAgErBr,Cs,Ag,1,Er,3,Br,2729
CsNiBaBr,Cs,Ni,2,Ba,2,Br,2730
CsSrPdBr,Cs,Sr,2,Pd,2,Br,2731
CsTiAuBr,Cs,Ti,3,Au,1,Br,2732
CsMnNdBr,Cs,Mn,2,Nd,2,Br,2733
CsFeBaBr,Cs,Fe,2,Ba,2,Br,2734
CsKRhBr,Cs,K,1,Rh,3,Br,2735
CsNaUBr,Cs,Na,1,U,3,Br,2736
CsAgTlBr,Cs,Ag,1,Tl,3,Br,2737
CsRhAuBr,Cs,Rh,3,Au,1,Br,2738
CsAlTlBr,Cs,Al,3,Tl,1,Br,2739
CsCoBaBr,Cs,Co,2,Ba,2,Br,2740
CsNaBiBr,Cs,Na,1,Bi,3,Br,2741
CsYAgBr,Cs,Y,3,Ag,1,Br,2742
CsCdNpBr,Cs,Cd,2,Np,2,Br,2743
CsKTiBr,Cs,K,1,Ti,3,Br,2744
CsTiPbBr,Cs,Ti,2,Pb,2,Br,2745
CsIrAuBr,Cs,Ir,3,Au,1,Br,2746
CsPdPbBr,Cs,Pd,2,Pb,2,Br,2747
CsRuAuBr,Cs,Ru,3,Au,1,Br,2748
CsTmYbBr,Cs,Tm,2,Yb,2,Br,2749
CsAgHoBr,Cs,Ag,1,Ho,3,Br,2750
CsLuHgBr,Cs,Lu,3,Hg,1,Br,2751
CsNaLaBr,Cs,Na,1,La,3,Br,2752
CsCaTmBr,Cs,Ca,2,Tm,2,Br,2753
CsTiEuBr,Cs,Ti,2,Eu,2,Br,2754
CsZnNdBr,Cs,Zn,2,Nd,2,Br,2755
CsNaNpBr,Cs,Na,1,Np,3,Br,2756
CsAgTmBr,Cs,Ag,1,Tm,3,Br,2757
CsNaCeBr,Cs,Na,1,Ce,3,Br,2758
CsCrNdBr,Cs,Cr,2,Nd,2,Br,2759
CsAlRbBr,Cs,Al,3,Rb,1,Br,2760
CsYbHgBr,Cs,Yb,3,Hg,1,Br,2761
CsKRuBr,Cs,K,1,Ru,3,Br,2762
CsNaPaBr,Cs,Na,1,Pa,3,Br,2763
CsMoAuBr,Cs,Mo,3,Au,1,Br,2764
CsKIrBr,Cs,K,1,Ir,3,Br,2765
CsCuRbBr,Cs,Cu,3,Rb,1,Br,2766
CsAgDyBr,Cs,Ag,1,Dy,3,Br,2767
CsCaHgBr,Cs,Ca,2,Hg,2,Br,2768
CsSmPtBr,Cs,Sm,2,Pt,2,Br,2769
CsCdDyBr,Cs,Cd,2,Dy,2,Br,2770
CsNaPuBr,Cs,Na,1,Pu,3,Br,2771
CsCaYbBr,Cs,Ca,2,Yb,2,Br,2772
CsKVBr,Cs,K,1,V,3,Br,2773
CsGeNdBr,Cs,Ge,2,Nd,2,Br,2774
CsAgYbBr,Cs,Ag,1,Yb,3,Br,2775
CsCaDyBr,Cs,Ca,2,Dy,2,Br,2776
CsTiAmBr,Cs,Ti,2,Am,2,Br,2777
CsBFrBr,Cs,B,3,Fr,1,Br,2778
CsMgBaBr,Cs,Mg,2,Ba,2,Br,2779
CsKMoBr,Cs,K,1,Mo,3,Br,2780
CsTmHgBr,Cs,Tm,3,Hg,1,Br,2781
CsAgLuBr,Cs,Ag,1,Lu,3,Br,2782
CsVAuBr,Cs,V,3,Au,1,Br,2783
CsPtAmBr,Cs,Pt,2,Am,2,Br,2784
CsNaPrBr,Cs,Na,1,Pr,3,Br,2785
CsVSmBr,Cs,V,2,Sm,2,Br,2786
CsMgNdBr,Cs,Mg,2,Nd,2,Br,2787
CsAgTbBr,Cs,Ag,1,Tb,3,Br,2788
CsHgTlBr,Cs,Hg,1,Tl,3,Br,2789
CsCoTlBr,Cs,Co,3,Tl,1,Br,2790
CsNaNdBr,Cs,Na,1,Nd,3,Br,2791
CsNiTlBr,Cs,Ni,3,Tl,1,Br,2792
CsVNdBr,Cs,V,2,Nd,2,Br,2793
CsErHgBr,Cs,Er,3,Hg,1,Br,2794
CsCuBaBr,Cs,Cu,2,Ba,2,Br,2795
CsGeBaBr,Cs,Ge,2,Ba,2,Br,2796
CsTiSmBr,Cs,Ti,2,Sm,2,Br,2797
CsAsTlBr,Cs,As,3,Tl,1,Br,2798
CsAgAuBr,Cs,Ag,1,Au,3,Br,2799
CsVAmBr,Cs,V,2,Am,2,Br,2800
CsKGaBr,Cs,K,1,Ga,3,Br,2801
CsKCrBr,Cs,K,1,Cr,3,Br,2802
CsNaAmBr,Cs,Na,1,Am,3,Br,2803
CsAgGdBr,Cs,Ag,1,Gd,3,Br,2804
CsKMnBr,Cs,K,1,Mn,3,Br,2805
CsNbAuBr,Cs,Nb,3,Au,1,Br,2806
CsDyYbBr,Cs,Dy,2,Yb,2,Br,2807
CsZnBaBr,Cs,Zn,2,Ba,2,Br,2808
CsNdPtBr,Cs,Nd,2,Pt,2,Br,2809
CsTaAuBr,Cs,Ta,3,Au,1,Br,2810
CsYHgBr,Cs,Y,3,Hg,1,Br,2811
CsPCuF,Cs,P,3,Cu,1,F,2812
CsTiVacF,Cs,Ti,4,Vac,0,F,2813
CsGaPdF,Cs,Ga,3,Pd,1,F,2814
CsHoHgBr,Cs,Ho,3,Hg,1,Br,2815
CsGaAuBr,Cs,Ga,3,Au,1,Br,2816
CsNaCmBr,Cs,Na,1,Cm,3,Br,2817
CsPtPbBr,Cs,Pt,2,Pb,2,Br,2818
CsNaPmBr,Cs,Na,1,Pm,3,Br,2819
CsInHgBr,Cs,In,3,Hg,1,Br,2820
CsCoNdBr,Cs,Co,2,Nd,2,Br,2821
CsCrSmBr,Cs,Cr,2,Sm,2,Br,2822
CsCrAuBr,Cs,Cr,3,Au,1,Br,2823
CsFeNdBr,Cs,Fe,2,Nd,2,Br,2824
CsAgEuBr,Cs,Ag,1,Eu,3,Br,2825
CsCoRbBr,Cs,Co,3,Rb,1,Br,2826
CsFeTlBr,Cs,Fe,3,Tl,1,Br,2827
CsMnAuBr,Cs,Mn,3,Au,1,Br,2828
CsKNbBr,Cs,K,1,Nb,3,Br,2829
CsNiRbBr,Cs,Ni,3,Rb,1,Br,2830
CsDyTmBr,Cs,Dy,2,Tm,2,Br,2831
CsKTaBr,Cs,K,1,Ta,3,Br,2832
CsMnBaBr,Cs,Mn,2,Ba,2,Br,2833
CsAsRbBr,Cs,As,3,Rb,1,Br,2834
CsCaNpBr,Cs,Ca,2,Np,2,Br,2835
CsVPbBr,Cs,V,2,Pb,2,Br,2836
CsNiNdBr,Cs,Ni,2,Nd,2,Br,2837
CsCdTmBr,Cs,Cd,2,Tm,2,Br,2838
CsSrPtBr,Cs,Sr,2,Pt,2,Br,2839
CsDyHgBr,Cs,Dy,3,Hg,1,Br,2840
CsCuThBr,Cs,Cu,1,Th,3,Br,2841
CsNaSmBr,Cs,Na,1,Sm,3,Br,2842
CsKFeBr,Cs,K,1,Fe,3,Br,2843
CsCrAmBr,Cs,Cr,2,Am,2,Br,2844
CsAgSmBr,Cs,Ag,1,Sm,3,Br,2845
CsCdHgBr,Cs,Cd,2,Hg,2,Br,2846
CsEuPtBr,Cs,Eu,2,Pt,2,Br,2847
CsVSrBr,Cs,V,2,Sr,2,Br,2848
CsCdYbBr,Cs,Cd,2,Yb,2,Br,2849
CsMnSmBr,Cs,Mn,2,Sm,2,Br,2850
CsMnTlBr,Cs,Mn,3,Tl,1,Br,2851
CsLiThBr,Cs,Li,1,Th,3,Br,2852
CsTbHgBr,Cs,Tb,3,Hg,1,Br,2853
CsFeAuBr,Cs,Fe,3,Au,1,Br,2854
CsInFrF,Cs,In,3,Fr,1,F,2855
CsNaEuBr,Cs,Na,1,Eu,3,Br,2856
CsScAuBr,Cs,Sc,3,Au,1,Br,2857
CsNaMdBr,Cs,Na,1,Md,3,Br,2858
CsCrTlBr,Cs,Cr,3,Tl,1,Br,2859
CsCrBaBr,Cs,Cr,2,Ba,2,Br,2860
CsFeRbBr,Cs,Fe,3,Rb,1,Br,2861
CsYbNpBr,Cs,Yb,2,Np,2,Br,2862
CsCdEuBr,Cs,Cd,2,Eu,2,Br,2863
CsGaTlBr,Cs,Ga,3,Tl,1,Br,2864
CsSrAgBr,Cs,Sr,2,Ag,2,Br,2865
CsAgPmBr,Cs,Ag,1,Pm,3,Br,2866
CsAgCmBr,Cs,Ag,1,Cm,3,Br,2867
CsVEuBr,Cs,V,2,Eu,2,Br,2868
CsZnSmBr,Cs,Zn,2,Sm,2,Br,2869
CsKNiBr,Cs,K,1,Ni,3,Br,2870
CsNFrBr,Cs,N,3,Fr,1,Br,2871
CsKAsBr,Cs,K,1,As,3,Br,2872
CsPRbBr,Cs,P,3,Rb,1,Br,2873
CsMnAmBr,Cs,Mn,2,Am,2,Br,2874
CsTiNpBr,Cs,Ti,2,Np,2,Br,2875
CsNaGdBr,Cs,Na,1,Gd,3,Br,2876
CsKCoBr,Cs,K,1,Co,3,Br,2877
CsKScBr,Cs,K,1,Sc,3,Br,2878
CsNaFmBr,Cs,Na,1,Fm,3,Br,2879
CsAgAmBr,Cs,Ag,1,Am,3,Br,2880
CsCrPbBr,Cs,Cr,2,Pb,2,Br,2881
CsGdHgBr,Cs,Gd,3,Hg,1,Br,2882
CsSbAuBr,Cs,Sb,3,Au,1,Br,2883
CsSrCdBr,Cs,Sr,2,Cd,2,Br,2884
CsKAgBr,Cs,K,1,Ag,3,Br,2885
CsAgPbBr,Cs,Ag,2,Pb,2,Br,2886
CsTmNpBr,Cs,Tm,2,Np,2,Br,2887
CsAgInBr,Cs,Ag,1,In,3,Br,2888
CsPdHgBr,Cs,Pd,3,Hg,1,Br,2889
CsSbHgBr,Cs,Sb,3,Hg,1,Br,2890
CsCaCdBr,Cs,Ca,2,Cd,2,Br,2891
CsZnAmBr,Cs,Zn,2,Am,2,Br,2892
CsAsAuBr,Cs,As,3,Au,1,Br,2893
CsNiAuBr,Cs,Ni,3,Au,1,Br,2894
CsGeSmBr,Cs,Ge,2,Sm,2,Br,2895
CsMnRbBr,Cs,Mn,3,Rb,1,Br,2896
CsAgNdBr,Cs,Ag,1,Nd,3,Br,2897
CsCoAuBr,Cs,Co,3,Au,1,Br,2898
CsCrRbBr,Cs,Cr,3,Rb,1,Br,2899
CsCrSrBr,Cs,Cr,2,Sr,2,Br,2900
CsEuHgBr,Cs,Eu,3,Hg,1,Br,2901
CsNaTbBr,Cs,Na,1,Tb,3,Br,2902
CsKSbBr,Cs,K,1,Sb,3,Br,2903
CsAgPrBr,Cs,Ag,1,Pr,3,Br,2904
CsVBaBr,Cs,V,2,Ba,2,Br,2905
CsGaRbBr,Cs,Ga,3,Rb,1,Br,2906
CsNaAcBr,Cs,Na,1,Ac,3,Br,2907
CsVTlBr,Cs,V,3,Tl,1,Br,2908
CsKPdBr,Cs,K,1,Pd,3,Br,2909
CsCdPbBr,Cs,Cd,2,Pb,2,Br,2910
CsAgHgBr,Cs,Ag,3,Hg,1,Br,2911
CsCaAgBr,Cs,Ca,2,Ag,2,Br,2912
CsMgSmBr,Cs,Mg,2,Sm,2,Br,2913
CsPTlBr,Cs,P,3,Tl,1,Br,2914
CsMnPbBr,Cs,Mn,2,Pb,2,Br,2915
CsGeAmBr,Cs,Ge,2,Am,2,Br,2916
CsTeVacBr,Cs,Te,4,Vac,0,Br,2917
CsCrPdF,Cs,Cr,3,Pd,1,F,2918
CsScHgBr,Cs,Sc,3,Hg,1,Br,2919
CsCrEuBr,Cs,Cr,2,Eu,2,Br,2920
CsSmHgBr,Cs,Sm,3,Hg,1,Br,2921
CsNaDyBr,Cs,Na,1,Dy,3,Br,2922
CsAgPuBr,Cs,Ag,1,Pu,3,Br,2923
CsTiNdBr,Cs,Ti,2,Nd,2,Br,2924
CsBaPtBr,Cs,Ba,2,Pt,2,Br,2925
CsBeRaBr,Cs,Be,2,Ra,2,Br,2926
CsMnSrBr,Cs,Mn,2,Sr,2,Br,2927
CsTiDyBr,Cs,Ti,2,Dy,2,Br,2928
CsMgAmBr,Cs,Mg,2,Am,2,Br,2929
CsZnPbBr,Cs,Zn,2,Pb,2,Br,2930
CsTlFmF,Cs,Tl,1,Fm,3,F,2931
CsMnPdF,Cs,Mn,3,Pd,1,F,2932
CsNaHoBr,Cs,Na,1,Ho,3,Br,2933
CsHgCmBr,Cs,Hg,1,Cm,3,Br,2934
CsPmHgBr,Cs,Pm,3,Hg,1,Br,2935
CsVRbBr,Cs,V,3,Rb,1,Br,2936
CsAgNpBr,Cs,Ag,1,Np,3,Br,2937
CsAgCeBr,Cs,Ag,1,Ce,3,Br,2938
CsCdAmBr,Cs,Cd,2,Am,2,Br,2939
CsGePbBr,Cs,Ge,2,Pb,2,Br,2940
CsNaYBr,Cs,Na,1,Y,3,Br,2941
CsKCuBr,Cs,K,1,Cu,3,Br,2942
CsZnSrBr,Cs,Zn,2,Sr,2,Br,2943
CsMnEuBr,Cs,Mn,2,Eu,2,Br,2944
CsCuPbBr,Cs,Cu,2,Pb,2,Br,2945
CsCoSmBr,Cs,Co,2,Sm,2,Br,2946
CsRhTlBr,Cs,Rh,3,Tl,1,Br,2947
CsHgAmBr,Cs,Hg,1,Am,3,Br,2948
CsAlKBr,Cs,Al,3,K,1,Br,2949
CsFeSmBr,Cs,Fe,2,Sm,2,Br,2950
CsDyNpBr,Cs,Dy,2,Np,2,Br,2951
CsInAuBr,Cs,In,3,Au,1,Br,2952
CsNiRaBr,Cs,Ni,2,Ra,2,Br,2953
CsTiTlBr,Cs,Ti,3,Tl,1,Br,2954
CsCdSmBr,Cs,Cd,2,Sm,2,Br,2955
CsCaEuBr,Cs,Ca,2,Eu,2,Br,2956
CsZnEuBr,Cs,Zn,2,Eu,2,Br,2957
CsGeSrBr,Cs,Ge,2,Sr,2,Br,2958
CsNaErBr,Cs,Na,1,Er,3,Br,2959
CsNiSmBr,Cs,Ni,2,Sm,2,Br,2960
CsCuSrBr,Cs,Cu,2,Sr,2,Br,2961
CsAgSbBr,Cs,Ag,1,Sb,3,Br,2962
CsTaHgBr,Cs,Ta,3,Hg,1,Br,2963
CsMgPbBr,Cs,Mg,2,Pb,2,Br,2964
CsNbHgBr,Cs,Nb,3,Hg,1,Br,2965
CsCoAmBr,Cs,Co,2,Am,2,Br,2966
CsNdHgBr,Cs,Nd,3,Hg,1,Br,2967
CsBeMnF,Cs,Be,2,Mn,2,F,2968
CsRhVacF,Cs,Rh,4,Vac,0,F,2969
CsLiPF,Cs,Li,1,P,3,F,2970
CsAgUBr,Cs,Ag,1,U,3,Br,2971
CsFeRaBr,Cs,Fe,2,Ra,2,Br,2972
CsAlAuBr,Cs,Al,3,Au,1,Br,2973
CsNaTlBr,Cs,Na,1,Tl,3,Br,2974
CsFeAmBr,Cs,Fe,2,Am,2,Br,2975
CsCoRaBr,Cs,Co,2,Ra,2,Br,2976
CsIrTlBr,Cs,Ir,3,Tl,1,Br,2977
CsPrHgBr,Cs,Pr,3,Hg,1,Br,2978
CsKInBr,Cs,K,1,In,3,Br,2979
CsCaSrBr,Cs,Ca,2,Sr,2,Br,2980
CsRuTlBr,Cs,Ru,3,Tl,1,Br,2981
CsAgBiBr,Cs,Ag,1,Bi,3,Br,2982
CsNaTmBr,Cs,Na,1,Tm,3,Br,2983
CsNiAmBr,Cs,Ni,2,Am,2,Br,2984
CsGeEuBr,Cs,Ge,2,Eu,2,Br,2985
CsMgSrBr,Cs,Mg,2,Sr,2,Br,2986
CsPtNpBr,Cs,Pt,2,Np,2,Br,2987
CsAgAgBr,Cs,Ag,1,Ag,3,Br,2988
CsAgLaBr,Cs,Ag,1,La,3,Br,2989
CsRbRhBr,Cs,Rb,1,Rh,3,Br,2990
CsScAgBr,Cs,Sc,3,Ag,1,Br,2991
CsMgEuBr,Cs,Mg,2,Eu,2,Br,2992
CsAgCdBr,Cs,Ag,2,Cd,2,Br,2993
CsCuAcBr,Cs,Cu,1,Ac,3,Br,2994
CsTiTmBr,Cs,Ti,2,Tm,2,Br,2995
CsVNpBr,Cs,V,2,Np,2,Br,2996
CsAgPaBr,Cs,Ag,1,Pa,3,Br,2997
CsEuYbBr,Cs,Eu,2,Yb,2,Br,2998
CsHgPuBr,Cs,Hg,1,Pu,3,Br,2999
CsCaPbBr,Cs,Ca,2,Pb,2,Br,3000
CsTiRbBr,Cs,Ti,3,Rb,1,Br,3001
CsMoTlBr,Cs,Mo,3,Tl,1,Br,3002
CsNaYbBr,Cs,Na,1,Yb,3,Br,3003
CsCoPbBr,Cs,Co,2,Pb,2,Br,3004
CsFePbBr,Cs,Fe,2,Pb,2,Br,3005
CsNaLuBr,Cs,Na,1,Lu,3,Br,3006
CsMoHgBr,Cs,Mo,3,Hg,1,Br,3007
CsNiPbBr,Cs,Ni,2,Pb,2,Br,3008
CsLiAcBr,Cs,Li,1,Ac,3,Br,3009
CsPoVacBr,Cs,Po,4,Vac,0,Br,3010
CsTiYbBr,Cs,Ti,2,Yb,2,Br,3011
CsThVacBr,Cs,Th,4,Vac,0,Br,3012
CsRbIrBr,Cs,Rb,1,Ir,3,Br,3013
CsSrYbBr,Cs,Sr,2,Yb,2,Br,3014
CsHgNpBr,Cs,Hg,1,Np,3,Br,3015
CsRbRuBr,Cs,Rb,1,Ru,3,Br,3016
CsMgRaBr,Cs,Mg,2,Ra,2,Br,3017
CsEuTmBr,Cs,Eu,2,Tm,2,Br,3018
CsSrHgBr,Cs,Sr,2,Hg,2,Br,3019
CsCeHgBr,Cs,Ce,3,Hg,1,Br,3020
CsCoSrBr,Cs,Co,2,Sr,2,Br,3021
CsFeSrBr,Cs,Fe,2,Sr,2,Br,3022
CsCuFmBr,Cs,Cu,1,Fm,3,Br,3023
CsRuHgBr,Cs,Ru,3,Hg,1,Br,3024
CsNaAuBr,Cs,Na,1,Au,3,Br,3025
CsAgTaBr,Cs,Ag,1,Ta,3,Br,3026
CsDyPtBr,Cs,Dy,2,Pt,2,Br,3027
CsNbAgBr,Cs,Nb,3,Ag,1,Br,3028
CsNiSrBr,Cs,Ni,2,Sr,2,Br,3029
CsIrHgBr,Cs,Ir,3,Hg,1,Br,3030
CsHgPbBr,Cs,Hg,2,Pb,2,Br,3031
CsPdBaBr,Cs,Pd,2,Ba,2,Br,3032
CsGeRaBr,Cs,Ge,2,Ra,2,Br,3033
CsSrTmBr,Cs,Sr,2,Tm,2,Br,3034
CsCuRaBr,Cs,Cu,2,Ra,2,Br,3035
CsRbMoBr,Cs,Rb,1,Mo,3,Br,3036
CsTiBaBr,Cs,Ti,2,Ba,2,Br,3037
CsCaAmBr,Cs,Ca,2,Am,2,Br,3038
CsYbPbBr,Cs,Yb,2,Pb,2,Br,3039
CsCoEuBr,Cs,Co,2,Eu,2,Br,3040
CsRbMdF,Cs,Rb,1,Md,3,F,3041
CsCrNpBr,Cs,Cr,2,Np,2,Br,3042
CsLiFmBr,Cs,Li,1,Fm,3,Br,3043
CsCuMdBr,Cs,Cu,1,Md,3,Br,3044
CsFeEuBr,Cs,Fe,2,Eu,2,Br,3045
CsHgUBr,Cs,Hg,1,U,3,Br,3046
CsCaPdBr,Cs,Ca,2,Pd,2,Br,3047
CsTiHgBr,Cs,Ti,3,Hg,1,Br,3048
CsNiEuBr,Cs,Ni,2,Eu,2,Br,3049
CsVDyBr,Cs,V,2,Dy,2,Br,3050
CsCaTiBr,Cs,Ca,2,Ti,2,Br,3051
CsCaSmBr,Cs,Ca,2,Sm,2,Br,3052
CsNbTlBr,Cs,Nb,3,Tl,1,Br,3053
CsTmPbBr,Cs,Tm,2,Pb,2,Br,3054
CsTaTlBr,Cs,Ta,3,Tl,1,Br,3055
CsAuAuBr,Cs,Au,1,Au,3,Br,3056
CsHgBiBr,Cs,Hg,1,Bi,3,Br,3057
CsZnRaBr,Cs,Zn,2,Ra,2,Br,3058
CsLaHgBr,Cs,La,3,Hg,1,Br,3059
CsBeZnF,Cs,Be,2,Zn,2,F,3060
CsLiMdBr,Cs,Li,1,Md,3,Br,3061
CsRhHgBr,Cs,Rh,3,Hg,1,Br,3062
CsMnNpBr,Cs,Mn,2,Np,2,Br,3063
CsNaThBr,Cs,Na,1,Th,3,Br,3064
CsKAuBr,Cs,K,1,Au,3,Br,3065
CsYbAmBr,Cs,Yb,2,Am,2,Br,3066
CsMnRaBr,Cs,Mn,2,Ra,2,Br,3067
CsHgPaBr,Cs,Hg,1,Pa,3,Br,3068
CsLuAuBr,Cs,Lu,3,Au,1,Br,3069
CsTlAcF,Cs,Tl,1,Ac,3,F,3070
CsYbAuBr,Cs,Yb,3,Au,1,Br,3071
CsMoAgBr,Cs,Mo,3,Ag,1,Br,3072
CsZnNpBr,Cs,Zn,2,Np,2,Br,3073
CsEuDyBr,Cs,Eu,2,Dy,2,Br,3074
CsTmAmBr,Cs,Tm,2,Am,2,Br,3075
CsPFrBr,Cs,P,3,Fr,1,Br,3076
CsRbTaBr,Cs,Rb,1,Ta,3,Br,3077
CsRbNbBr,Cs,Rb,1,Nb,3,Br,3078
CsCdNdBr,Cs,Cd,2,Nd,2,Br,3079
CsSmYbBr,Cs,Sm,2,Yb,2,Br,3080
CsKLuBr,Cs,K,1,Lu,3,Br,3081
CsCrDyBr,Cs,Cr,2,Dy,2,Br,3082
CsScTlBr,Cs,Sc,3,Tl,1,Br,3083
CsAgMdBr,Cs,Ag,1,Md,3,Br,3084
CsCrRaBr,Cs,Cr,2,Ra,2,Br,3085
CsGeNpBr,Cs,Ge,2,Np,2,Br,3086
CsRuAgBr,Cs,Ru,3,Ag,1,Br,3087
CsVHgBr,Cs,V,3,Hg,1,Br,3088
CsAgIrBr,Cs,Ag,1,Ir,3,Br,3089
CsTmPtBr,Cs,Tm,2,Pt,2,Br,3090
CsKYbBr,Cs,K,1,Yb,3,Br,3091
CsSrDyBr,Cs,Sr,2,Dy,2,Br,3092
CsSmTmBr,Cs,Sm,2,Tm,2,Br,3093
CsTmAuBr,Cs,Tm,3,Au,1,Br,3094
CsRbFmF,Cs,Rb,1,Fm,3,F,3095
CsAuTlBr,Cs,Au,1,Tl,3,Br,3096
CsAgFmBr,Cs,Ag,1,Fm,3,Br,3097
CsTiAgBr,Cs,Ti,3,Ag,1,Br,3098
CsYbPtBr,Cs,Yb,2,Pt,2,Br,3099
CsVTmBr,Cs,V,2,Tm,2,Br,3100
CsNaInBr,Cs,Na,1,In,3,Br,3101
CsMnDyBr,Cs,Mn,2,Dy,2,Br,3102
CsMgNpBr,Cs,Mg,2,Np,2,Br,3103
CsPKBr,Cs,P,3,K,1,Br,3104
CsPtHgBr,Cs,Pt,2,Hg,2,Br,3105
CsKTmBr,Cs,K,1,Tm,3,Br,3106
CsSbTlBr,Cs,Sb,3,Tl,1,Br,3107
CsErAuBr,Cs,Er,3,Au,1,Br,3108
CsDyPbBr,Cs,Dy,2,Pb,2,Br,3109
CsBeCuF,Cs,Be,2,Cu,2,F,3110
CsBeGeF,Cs,Be,2,Ge,2,F,3111
CsNNaF,Cs,N,3,Na,1,F,3112
CsRhAgBr,Cs,Rh,3,Ag,1,Br,3113
CsScRbBr,Cs,Sc,3,Rb,1,Br,3114
CsKTlBr,Cs,K,1,Tl,3,Br,3115
CsCuPaBr,Cs,Cu,1,Pa,3,Br,3116
CsGaHgBr,Cs,Ga,3,Hg,1,Br,3117
CsZnDyBr,Cs,Zn,2,Dy,2,Br,3118
CsVYbBr,Cs,V,2,Yb,2,Br,3119
CsPdCdBr,Cs,Pd,2,Cd,2,Br,3120
CsPAuBr,Cs,P,3,Au,1,Br,3121
CsTiCdBr,Cs,Ti,2,Cd,2,Br,3122
CsEuNpBr,Cs,Eu,2,Np,2,Br,3123
CsRbAgBr,Cs,Rb,1,Ag,3,Br,3124
CsAgAcBr,Cs,Ag,1,Ac,3,Br,3125
CsKErBr,Cs,K,1,Er,3,Br,3126
CsYAuBr,Cs,Y,3,Au,1,Br,3127
CsVRaBr,Cs,V,2,Ra,2,Br,3128
CsHoAuBr,Cs,Ho,3,Au,1,Br,3129
CsCrHgBr,Cs,Cr,3,Hg,1,Br,3130
CsMnHgBr,Cs,Mn,3,Hg,1,Br,3131
CsCuLaBr,Cs,Cu,1,La,3,Br,3132
CsLiPaBr,Cs,Li,1,Pa,3,Br,3133
CsGeDyBr,Cs,Ge,2,Dy,2,Br,3134
CsPaVacBr,Cs,Pa,4,Vac,0,Br,3135
CsCuBiBr,Cs,Cu,1,Bi,3,Br,3136
CsPdAgBr,Cs,Pd,2,Ag,2,Br,3137
CsCaPtBr,Cs,Ca,2,Pt,2,Br,3138
CsBeBaBr,Cs,Be,2,Ba,2,Br,3139
CsPdThBr,Cs,Pd,1,Th,3,Br,3140
CsCoNpBr,Cs,Co,2,Np,2,Br,3141
CsRbPdBr,Cs,Rb,1,Pd,3,Br,3142
CsPtRaBr,Cs,Pt,2,Ra,2,Br,3143
CsRbSbBr,Cs,Rb,1,Sb,3,Br,3144
CsSrNpBr,Cs,Sr,2,Np,2,Br,3145
CsDyAmBr,Cs,Dy,2,Am,2,Br,3146
CsKYBr,Cs,K,1,Y,3,Br,3147
CsKHoBr,Cs,K,1,Ho,3,Br,3148
CsCrTmBr,Cs,Cr,2,Tm,2,Br,3149
CsCuUBr,Cs,Cu,1,U,3,Br,3150
CsFeNpBr,Cs,Fe,2,Np,2,Br,3151
CsDyAuBr,Cs,Dy,3,Au,1,Br,3152
CsLiLaBr,Cs,Li,1,La,3,Br,3153
CsHgMdBr,Cs,Hg,1,Md,3,Br,3154
CsMgDyBr,Cs,Mg,2,Dy,2,Br,3155
CsBRbBr,Cs,B,3,Rb,1,Br,3156
CsVAgBr,Cs,V,3,Ag,1,Br,3157
CsCaVBr,Cs,Ca,2,V,2,Br,3158
CsNiNpBr,Cs,Ni,2,Np,2,Br,3159
CsLiBiBr,Cs,Li,1,Bi,3,Br,3160
CsFeHgBr,Cs,Fe,3,Hg,1,Br,3161
CsCaNdBr,Cs,Ca,2,Nd,2,Br,3162
CsAgBaBr,Cs,Ag,2,Ba,2,Br,3163
CsPbNpBr,Cs,Pb,2,Np,2,Br,3164
CsSmDyBr,Cs,Sm,2,Dy,2,Br,3165
CsCrYbBr,Cs,Cr,2,Yb,2,Br,3166
CsLiUBr,Cs,Li,1,U,3,Br,3167
CsKDyBr,Cs,K,1,Dy,3,Br,3168
CsTbAuBr,Cs,Tb,3,Au,1,Br,3169
CsFeVacF,Cs,Fe,4,Vac,0,F,3170
CsBeMgF,Cs,Be,2,Mg,2,F,3171
CsAsPdF,Cs,As,3,Pd,1,F,3172
CsHgFmBr,Cs,Hg,1,Fm,3,Br,3173
CsUVacBr,Cs,U,4,Vac,0,Br,3174
CsMnTmBr,Cs,Mn,2,Tm,2,Br,3175
CsCuNpBr,Cs,Cu,1,Np,3,Br,3176
CsNaSbBr,Cs,Na,1,Sb,3,Br,3177
CsCuCeBr,Cs,Cu,1,Ce,3,Br,3178
CsNaPdBr,Cs,Na,1,Pd,3,Br,3179
CsCdBaBr,Cs,Cd,2,Ba,2,Br,3180
CsInTlBr,Cs,In,3,Tl,1,Br,3181
CsKTbBr,Cs,K,1,Tb,3,Br,3182
CsBTlBr,Cs,B,3,Tl,1,Br,3183
CsMnYbBr,Cs,Mn,2,Yb,2,Br,3184
CsZnTmBr,Cs,Zn,2,Tm,2,Br,3185
CsAsHgBr,Cs,As,3,Hg,1,Br,3186
CsNiHgBr,Cs,Ni,3,Hg,1,Br,3187
CsNaAgBr,Cs,Na,1,Ag,3,Br,3188
CsGaAgBr,Cs,Ga,3,Ag,1,Br,3189
CsLiNpBr,Cs,Li,1,Np,3,Br,3190
CsCuPuBr,Cs,Cu,1,Pu,3,Br,3191
CsLiCeBr,Cs,Li,1,Ce,3,Br,3192
CsBaNdF,Cs,Ba,2,Nd,2,F,3193
CsRbAcF,Cs,Rb,1,Ac,3,F,3194
CsCoHgBr,Cs,Co,3,Hg,1,Br,3195
CsCoDyBr,Cs,Co,2,Dy,2,Br,3196
CsGdAuBr,Cs,Gd,3,Au,1,Br,3197
CsCaCrBr,Cs,Ca,2,Cr,2,Br,3198
CsCrAgBr,Cs,Cr,3,Ag,1,Br,3199
CsFeDyBr,Cs,Fe,2,Dy,2,Br,3200
CsNaScBr,Cs,Na,1,Sc,3,Br,3201
CsNdYbBr,Cs,Nd,2,Yb,2,Br,3202
CsHgAcBr,Cs,Hg,1,Ac,3,Br,3203
CsNpAmBr,Cs,Np,2,Am,2,Br,3204
CsMnAgBr,Cs,Mn,3,Ag,1,Br,3205
CsZnYbBr,Cs,Zn,2,Yb,2,Br,3206
CsZnHgBr,Cs,Zn,2,Hg,2,Br,3207
CsCuPrBr,Cs,Cu,1,Pr,3,Br,3208
CsNiDyBr,Cs,Ni,2,Dy,2,Br,3209
CsLiPuBr,Cs,Li,1,Pu,3,Br,3210
CsGeTmBr,Cs,Ge,2,Tm,2,Br,3211
CsEuAuBr,Cs,Eu,3,Au,1,Br,3212
CsKGdBr,Cs,K,1,Gd,3,Br,3213
CsRbInBr,Cs,Rb,1,In,3,Br,3214
CsNdTmBr,Cs,Nd,2,Tm,2,Br,3215
CsSmNpBr,Cs,Sm,2,Np,2,Br,3216
CsCuNdBr,Cs,Cu,1,Nd,3,Br,3217
CsCaMnBr,Cs,Ca,2,Mn,2,Br,3218
CsGeYbBr,Cs,Ge,2,Yb,2,Br,3219
CsCdPtBr,Cs,Cd,2,Pt,2,Br,3220
CsGeHgBr,Cs,Ge,2,Hg,2,Br,3221
CsMgTmBr,Cs,Mg,2,Tm,2,Br,3222
CsLiPrBr,Cs,Li,1,Pr,3,Br,3223
CsVVacF,Cs,V,4,Vac,0,F,3224
CsKEuBr,Cs,K,1,Eu,3,Br,3225
CsSmAuBr,Cs,Sm,3,Au,1,Br,3226
CsCuAmBr,Cs,Cu,1,Am,3,Br,3227
CsLiNdBr,Cs,Li,1,Nd,3,Br,3228
CsMgHgBr,Cs,Mg,2,Hg,2,Br,3229
CsMgYbBr,Cs,Mg,2,Yb,2,Br,3230
CsCaZnBr,Cs,Ca,2,Zn,2,Br,3231
CsVCdBr,Cs,V,2,Cd,2,Br,3232
CsAgPtBr,Cs,Ag,2,Pt,2,Br,3233
CsCeVacBr,Cs,Ce,4,Vac,0,Br,3234
CsNaTaBr,Cs,Na,1,Ta,3,Br,3235
CsNpVacBr,Cs,Np,4,Vac,0,Br,3236
CsBeNdBr,Cs,Be,2,Nd,2,Br,3237
CsCuCmBr,Cs,Cu,1,Cm,3,Br,3238
CsNaNbBr,Cs,Na,1,Nb,3,Br,3239
CsCuPmBr,Cs,Cu,1,Pm,3,Br,3240
CsAlFrBr,Cs,Al,3,Fr,1,Br,3241
CsEuRaF,Cs,Eu,2,Ra,2,F,3242
CsAuFrF,Cs,Au,3,Fr,1,F,3243
CsLiAmBr,Cs,Li,1,Am,3,Br,3244
CsKSmBr,Cs,K,1,Sm,3,Br,3245
CsCuFrBr,Cs,Cu,3,Fr,1,Br,3246
CsAuCmBr,Cs,Au,1,Cm,3,Br,3247
CsPdRaBr,Cs,Pd,2,Ra,2,Br,3248
CsTiRaBr,Cs,Ti,2,Ra,2,Br,3249
CsPmAuBr,Cs,Pm,3,Au,1,Br,3250
CsAsAgBr,Cs,As,3,Ag,1,Br,3251
CsLiCmBr,Cs,Li,1,Cm,3,Br,3252
CsCuHgBr,Cs,Cu,3,Hg,1,Br,3253
CsCaGeBr,Cs,Ca,2,Ge,2,Br,3254
CsCaCuBr,Cs,Ca,2,Cu,2,Br,3255
CsLiPmBr,Cs,Li,1,Pm,3,Br,3256
CsCuSmBr,Cs,Cu,1,Sm,3,Br,3257
CsCoTmBr,Cs,Co,2,Tm,2,Br,3258
CsAuAmBr,Cs,Au,1,Am,3,Br,3259
CsFeTmBr,Cs,Fe,2,Tm,2,Br,3260
CsAlHgBr,Cs,Al,3,Hg,1,Br,3261
CsCaBaBr,Cs,Ca,2,Ba,2,Br,3262
CsKPmBr,Cs,K,1,Pm,3,Br,3263
CsKCmBr,Cs,K,1,Cm,3,Br,3264
CsSrEuBr,Cs,Sr,2,Eu,2,Br,3265
CsNiTmBr,Cs,Ni,2,Tm,2,Br,3266
CsMgCaBr,Cs,Mg,2,Ca,2,Br,3267
CsPuVacBr,Cs,Pu,4,Vac,0,Br,3268
CsNdAuBr,Cs,Nd,3,Au,1,Br,3269
CsLiSmBr,Cs,Li,1,Sm,3,Br,3270
CsCoYbBr,Cs,Co,2,Yb,2,Br,3271
CsCuEuBr,Cs,Cu,1,Eu,3,Br,3272
CsKAmBr,Cs,K,1,Am,3,Br,3273
CsFeYbBr,Cs,Fe,2,Yb,2,Br,3274
CsCrCdBr,Cs,Cr,2,Cd,2,Br,3275
CsBeCoF,Cs,Be,2,Co,2,F,3276
CsAgThBr,Cs,Ag,1,Th,3,Br,3277
CsPrAuBr,Cs,Pr,3,Au,1,Br,3278
CsEuPbBr,Cs,Eu,2,Pb,2,Br,3279
CsNdDyBr,Cs,Nd,2,Dy,2,Br,3280
CsLuTlBr,Cs,Lu,3,Tl,1,Br,3281
CsNiYbBr,Cs,Ni,2,Yb,2,Br,3282
CsPdAcBr,Cs,Pd,1,Ac,3,Br,3283
CsNaMoBr,Cs,Na,1,Mo,3,Br,3284
CsSrRaF,Cs,Sr,2,Ra,2,F,3285
CsKNdBr,Cs,K,1,Nd,3,Br,3286
CsCuGdBr,Cs,Cu,1,Gd,3,Br,3287
CsBeFeF,Cs,Be,2,Fe,2,F,3288
CsLiEuBr,Cs,Li,1,Eu,3,Br,3289
CsLuFrF,Cs,Lu,3,Fr,1,F,3290
CsYbTlBr,Cs,Yb,3,Tl,1,Br,3291
CsRbAuBr,Cs,Rb,1,Au,3,Br,3292
CsSrPbBr,Cs,Sr,2,Pb,2,Br,3293
CsBaYbBr,Cs,Ba,2,Yb,2,Br,3294
CsBaHgBr,Cs,Ba,2,Hg,2,Br,3295
CsKPrBr,Cs,K,1,Pr,3,Br,3296
CsAuPuBr,Cs,Au,1,Pu,3,Br,3297
CsCmVacBr,Cs,Cm,4,Vac,0,Br,3298
CsNaIrBr,Cs,Na,1,Ir,3,Br,3299
CsMnCdBr,Cs,Mn,2,Cd,2,Br,3300
CsAmVacBr,Cs,Am,4,Vac,0,Br,3301
CsPrVacBr,Cs,Pr,4,Vac,0,Br,3302
CsNaRuBr,Cs,Na,1,Ru,3,Br,3303
CsLiGdBr,Cs,Li,1,Gd,3,Br,3304
CsCaCoBr,Cs,Ca,2,Co,2,Br,3305
CsCaFeBr,Cs,Ca,2,Fe,2,Br,3306
CsPdFmBr,Cs,Pd,1,Fm,3,Br,3307
CsBeNiF,Cs,Be,2,Ni,2,F,3308
CsCuTbBr,Cs,Cu,1,Tb,3,Br,3309
CsCoFrBr,Cs,Co,3,Fr,1,Br,3310
CsTmTlBr,Cs,Tm,3,Tl,1,Br,3311
CsCeAuBr,Cs,Ce,3,Au,1,Br,3312
CsNiFrBr,Cs,Ni,3,Fr,1,Br,3313
CsKPuBr,Cs,K,1,Pu,3,Br,3314
CsBaTmBr,Cs,Ba,2,Tm,2,Br,3315
CsAuNpBr,Cs,Au,1,Np,3,Br,3316
CsAsFrBr,Cs,As,3,Fr,1,Br,3317
CsEuAmBr,Cs,Eu,2,Am,2,Br,3318
CsZnCdBr,Cs,Zn,2,Cd,2,Br,3319
CsNaTiBr,Cs,Na,1,Ti,3,Br,3320
CsCaNiBr,Cs,Ca,2,Ni,2,Br,3321
CsRbLuBr,Cs,Rb,1,Lu,3,Br,3322
CsYbFrF,Cs,Yb,3,Fr,1,F,3323
CsAlAgBr,Cs,Al,3,Ag,1,Br,3324
CsPdMdBr,Cs,Pd,1,Md,3,Br,3325
CsNaRhBr,Cs,Na,1,Rh,3,Br,3326
CsTlTlBr,Cs,Tl,1,Tl,3,Br,3327
CsLiTbBr,Cs,Li,1,Tb,3,Br,3328
CsCuDyBr,Cs,Cu,1,Dy,3,Br,3329
CsPbRaF,Cs,Pb,2,Ra,2,F,3330
CsRbYbBr,Cs,Rb,1,Yb,3,Br,3331
CsCuCdBr,Cs,Cu,2,Cd,2,Br,3332
CsNRbBr,Cs,N,3,Rb,1,Br,3333
CsGeCdBr,Cs,Ge,2,Cd,2,Br,3334
CsZnAgBr,Cs,Zn,2,Ag,2,Br,3335
CsKNpBr,Cs,K,1,Np,3,Br,3336
CsErTlBr,Cs,Er,3,Tl,1,Br,3337
CsNdNpBr,Cs,Nd,2,Np,2,Br,3338
CsKCeBr,Cs,K,1,Ce,3,Br,3339
CsSrAmBr,Cs,Sr,2,Am,2,Br,3340
CsSmEuBr,Cs,Sm,2,Eu,2,Br,3341
CsAuUBr,Cs,Au,1,U,3,Br,3342
CsLiDyBr,Cs,Li,1,Dy,3,Br,3343
CsFeFrBr,Cs,Fe,3,Fr,1,Br,3344
CsCuHoBr,Cs,Cu,1,Ho,3,Br,3345
CsBeSmBr,Cs,Be,2,Sm,2,Br,3346
CsCuAgBr,Cs,Cu,2,Ag,2,Br,3347
CsMgCdBr,Cs,Mg,2,Cd,2,Br,3348
CsGeAgBr,Cs,Ge,2,Ag,2,Br,3349
CsCuYBr,Cs,Cu,1,Y,3,Br,3350
CsHgThBr,Cs,Hg,1,Th,3,Br,3351
CsYTlBr,Cs,Y,3,Tl,1,Br,3352
CsSrSmBr,Cs,Sr,2,Sm,2,Br,3353
CsPbAmBr,Cs,Pb,2,Am,2,Br,3354
CsAuBiBr,Cs,Au,1,Bi,3,Br,3355
CsRbTmBr,Cs,Rb,1,Tm,3,Br,3356
CsHoTlBr,Cs,Ho,3,Tl,1,Br,3357
CsLaAuBr,Cs,La,3,Au,1,Br,3358
CsKUBr,Cs,K,1,U,3,Br,3359
CsRbTlBr,Cs,Rb,1,Tl,3,Br,3360
CsLiHoBr,Cs,Li,1,Ho,3,Br,3361
CsMgAgBr,Cs,Mg,2,Ag,2,Br,3362
CsPdPtBr,Cs,Pd,2,Pt,2,Br,3363
CsNTlBr,Cs,N,3,Tl,1,Br,3364
CsCuErBr,Cs,Cu,1,Er,3,Br,3365
CsNaVBr,Cs,Na,1,V,3,Br,3366
CsBeAmBr,Cs,Be,2,Am,2,Br,3367
CsTiPtBr,Cs,Ti,2,Pt,2,Br,3368
CsLiYBr,Cs,Li,1,Y,3,Br,3369
CsSmPbBr,Cs,Sm,2,Pb,2,Br,3370
CsRbErBr,Cs,Rb,1,Er,3,Br,3371
CsAuPaBr,Cs,Au,1,Pa,3,Br,3372
CsKBiBr,Cs,K,1,Bi,3,Br,3373
CsAlPdF,Cs,Al,3,Pd,1,F,3374
CsTmFrF,Cs,Tm,3,Fr,1,F,3375
CsDyTlBr,Cs,Dy,3,Tl,1,Br,3376
CsKLaBr,Cs,K,1,La,3,Br,3377
CsMnFrBr,Cs,Mn,3,Fr,1,Br,3378
CsCuTlBr,Cs,Cu,1,Tl,3,Br,3379
CsCrFrBr,Cs,Cr,3,Fr,1,Br,3380
CsTiVBr,Cs,Ti,2,V,2,Br,3381
CsBKBr,Cs,B,3,K,1,Br,3382
CsLiErBr,Cs,Li,1,Er,3,Br,3383
CsCuTmBr,Cs,Cu,1,Tm,3,Br,3384
CsCoCdBr,Cs,Co,2,Cd,2,Br,3385
CsGaFrBr,Cs,Ga,3,Fr,1,Br,3386
CsAgRaBr,Cs,Ag,2,Ra,2,Br,3387
CsKPaBr,Cs,K,1,Pa,3,Br,3388
CsRbYBr,Cs,Rb,1,Y,3,Br,3389
CsBaDyBr,Cs,Ba,2,Dy,2,Br,3390
CsRbHoBr,Cs,Rb,1,Ho,3,Br,3391
CsLiTlBr,Cs,Li,1,Tl,3,Br,3392
CsFeCdBr,Cs,Fe,2,Cd,2,Br,3393
CsTlFrF,Cs,Tl,3,Fr,1,F,3394
CsTbTlBr,Cs,Tb,3,Tl,1,Br,3395
CsNaGaBr,Cs,Na,1,Ga,3,Br,3396
CsBAuBr,Cs,B,3,Au,1,Br,3397
CsNiCdBr,Cs,Ni,2,Cd,2,Br,3398
CsLiTmBr,Cs,Li,1,Tm,3,Br,3399
CsBePbBr,Cs,Be,2,Pb,2,Br,3400
CsCuYbBr,Cs,Cu,1,Yb,3,Br,3401
CsCoAgBr,Cs,Co,2,Ag,2,Br,3402
CsCdRaBr,Cs,Cd,2,Ra,2,Br,3403
CsSmAmBr,Cs,Sm,2,Am,2,Br,3404
CsFeAgBr,Cs,Fe,2,Ag,2,Br,3405
CsNaCrBr,Cs,Na,1,Cr,3,Br,3406
CsRbDyBr,Cs,Rb,1,Dy,3,Br,3407
CsNaMnBr,Cs,Na,1,Mn,3,Br,3408
CsErFrF,Cs,Er,3,Fr,1,F,3409
CsRaAmF,Cs,Ra,2,Am,2,F,3410
CsCuLuBr,Cs,Cu,1,Lu,3,Br,3411
CsPdPaBr,Cs,Pd,1,Pa,3,Br,3412
CsNiAgBr,Cs,Ni,2,Ag,2,Br,3413
CsPHgBr,Cs,P,3,Hg,1,Br,3414
CsBeSrBr,Cs,Be,2,Sr,2,Br,3415
CsLiYbBr,Cs,Li,1,Yb,3,Br,3416
CsGdTlBr,Cs,Gd,3,Tl,1,Br,3417
CsGeBaI,Cs,Ge,2,Ba,2,I,3418
CsTiSmI,Cs,Ti,2,Sm,2,I,3419
CsCuBaI,Cs,Cu,2,Ba,2,I,3420
CsNiTlI,Cs,Ni,3,Tl,1,I,3421
CsErHgI,Cs,Er,3,Hg,1,I,3422
CsAsTlI,Cs,As,3,Tl,1,I,3423
CsVNdI,Cs,V,2,Nd,2,I,3424
CsCoTlI,Cs,Co,3,Tl,1,I,3425
CsAgGdI,Cs,Ag,1,Gd,3,I,3426
CsHgTlI,Cs,Hg,1,Tl,3,I,3427
CsDyYbI,Cs,Dy,2,Yb,2,I,3428
CsZnBaI,Cs,Zn,2,Ba,2,I,3429
CsYHgI,Cs,Y,3,Hg,1,I,3430
CsNdPtI,Cs,Nd,2,Pt,2,I,3431
CsTaAuI,Cs,Ta,3,Au,1,I,3432
CsNbAuI,Cs,Nb,3,Au,1,I,3433
CsAgTbI,Cs,Ag,1,Tb,3,I,3434
CsHoHgI,Cs,Ho,3,Hg,1,I,3435
CsCaDyI,Cs,Ca,2,Dy,2,I,3436
CsBFrI,Cs,B,3,Fr,1,I,3437
CsTmHgI,Cs,Tm,3,Hg,1,I,3438
CsKMoI,Cs,K,1,Mo,3,I,3439
CsTiAmI,Cs,Ti,2,Am,2,I,3440
CsMgBaI,Cs,Mg,2,Ba,2,I,3441
CsAgEuI,Cs,Ag,1,Eu,3,I,3442
CsFeTlI,Cs,Fe,3,Tl,1,I,3443
CsCoRbI,Cs,Co,3,Rb,1,I,3444
CsAsRbI,Cs,As,3,Rb,1,I,3445
CsCaNpI,Cs,Ca,2,Np,2,I,3446
CsKNbI,Cs,K,1,Nb,3,I,3447
CsKTaI,Cs,K,1,Ta,3,I,3448
CsMnBaI,Cs,Mn,2,Ba,2,I,3449
CsNiRbI,Cs,Ni,3,Rb,1,I,3450
CsDyTmI,Cs,Dy,2,Tm,2,I,3451
CsAgDyI,Cs,Ag,1,Dy,3,I,3452
CsDyHgI,Cs,Dy,3,Hg,1,I,3453
CsKRuI,Cs,K,1,Ru,3,I,3454
CsNaPaI,Cs,Na,1,Pa,3,I,3455
CsKIrI,Cs,K,1,Ir,3,I,3456
CsCuRbI,Cs,Cu,3,Rb,1,I,3457
CsMoAuI,Cs,Mo,3,Au,1,I,3458
CsYbHgI,Cs,Yb,3,Hg,1,I,3459
CsAgSmI,Cs,Ag,1,Sm,3,I,3460
CsCrNdI,Cs,Cr,2,Nd,2,I,3461
CsAlRbI,Cs,Al,3,Rb,1,I,3462
CsNaLaI,Cs,Na,1,La,3,I,3463
CsMnTlI,Cs,Mn,3,Tl,1,I,3464
CsAgHoI,Cs,Ag,1,Ho,3,I,3465
CsLuHgI,Cs,Lu,3,Hg,1,I,3466
CsTbHgI,Cs,Tb,3,Hg,1,I,3467
CsIrAuI,Cs,Ir,3,Au,1,I,3468
CsTiPbI,Cs,Ti,2,Pb,2,I,3469
CsCdNpI,Cs,Cd,2,Np,2,I,3470
CsYAgI,Cs,Y,3,Ag,1,I,3471
CsNaBiI,Cs,Na,1,Bi,3,I,3472
CsKTiI,Cs,K,1,Ti,3,I,3473
CsRuAuI,Cs,Ru,3,Au,1,I,3474
CsPdPbI,Cs,Pd,2,Pb,2,I,3475
CsTmYbI,Cs,Tm,2,Yb,2,I,3476
CsVFrBr,Cs,V,3,Fr,1,Br,3477
CsScAuI,Cs,Sc,3,Au,1,I,3478
CsNaMdI,Cs,Na,1,Md,3,I,3479
CsCrBaI,Cs,Cr,2,Ba,2,I,3480
CsCrTlI,Cs,Cr,3,Tl,1,I,3481
CsCoBaI,Cs,Co,2,Ba,2,I,3482
CsFeRbI,Cs,Fe,3,Rb,1,I,3483
CsTiCrBr,Cs,Ti,2,Cr,2,Br,3484
CsKRhI,Cs,K,1,Rh,3,I,3485
CsNaUI,Cs,Na,1,U,3,I,3486
CsFeBaI,Cs,Fe,2,Ba,2,I,3487
CsYbNpI,Cs,Yb,2,Np,2,I,3488
CsAgPmI,Cs,Ag,1,Pm,3,I,3489
CsSrAgI,Cs,Sr,2,Ag,2,I,3490
CsAgCmI,Cs,Ag,1,Cm,3,I,3491
CsGaTlI,Cs,Ga,3,Tl,1,I,3492
CsCdEuI,Cs,Cd,2,Eu,2,I,3493
CsTiAuI,Cs,Ti,3,Au,1,I,3494
CsTiSrI,Cs,Ti,2,Sr,2,I,3495
CsAuHgI,Cs,Au,3,Hg,1,I,3496
CsSrPdI,Cs,Sr,2,Pd,2,I,3497
CsAgErI,Cs,Ag,1,Er,3,I,3498
CsMnNdI,Cs,Mn,2,Nd,2,I,3499
CsNiBaI,Cs,Ni,2,Ba,2,I,3500
CsNaFmI,Cs,Na,1,Fm,3,I,3501
CsAgAmI,Cs,Ag,1,Am,3,I,3502
CsKScI,Cs,K,1,Sc,3,I,3503
CsGdHgI,Cs,Gd,3,Hg,1,I,3504
CsAlTlI,Cs,Al,3,Tl,1,I,3505
CsAgTlI,Cs,Ag,1,Tl,3,I,3506
CsRhAuI,Cs,Rh,3,Au,1,I,3507
CsTmNpI,Cs,Tm,2,Np,2,I,3508
CsSbAuI,Cs,Sb,3,Au,1,I,3509
CsKAgI,Cs,K,1,Ag,3,I,3510
CsAgPbI,Cs,Ag,2,Pb,2,I,3511
CsSrCdI,Cs,Sr,2,Cd,2,I,3512
CsMnRbI,Cs,Mn,3,Rb,1,I,3513
CsAgNdI,Cs,Ag,1,Nd,3,I,3514
CsZnNdI,Cs,Zn,2,Nd,2,I,3515
CsTiEuI,Cs,Ti,2,Eu,2,I,3516
CsNaNpI,Cs,Na,1,Np,3,I,3517
CsAgTmI,Cs,Ag,1,Tm,3,I,3518
CsCaTmI,Cs,Ca,2,Tm,2,I,3519
CsNaCeI,Cs,Na,1,Ce,3,I,3520
CsCrRbI,Cs,Cr,3,Rb,1,I,3521
CsEuHgI,Cs,Eu,3,Hg,1,I,3522
CsKSbI,Cs,K,1,Sb,3,I,3523
CsNaAcI,Cs,Na,1,Ac,3,I,3524
CsGaRbI,Cs,Ga,3,Rb,1,I,3525
CsKPdI,Cs,K,1,Pd,3,I,3526
CsAgPrI,Cs,Ag,1,Pr,3,I,3527
CsCdPbI,Cs,Cd,2,Pb,2,I,3528
CsVBaI,Cs,V,2,Ba,2,I,3529
CsVTlI,Cs,V,3,Tl,1,I,3530
CsPdLaBr,Cs,Pd,1,La,3,Br,3531
CsRbTbBr,Cs,Rb,1,Tb,3,Br,3532
CsCdDyI,Cs,Cd,2,Dy,2,I,3533
CsCaHgI,Cs,Ca,2,Hg,2,I,3534
CsSmPtI,Cs,Sm,2,Pt,2,I,3535
CsGeNdI,Cs,Ge,2,Nd,2,I,3536
CsCaYbI,Cs,Ca,2,Yb,2,I,3537
CsKVI,Cs,K,1,V,3,I,3538
CsNaPuI,Cs,Na,1,Pu,3,I,3539
CsAgYbI,Cs,Ag,1,Yb,3,I,3540
CsSmHgI,Cs,Sm,3,Hg,1,I,3541
CsLiLuBr,Cs,Li,1,Lu,3,Br,3542
CsBaPtI,Cs,Ba,2,Pt,2,I,3543
CsAgPuI,Cs,Ag,1,Pu,3,I,3544
CsTiNdI,Cs,Ti,2,Nd,2,I,3545
CsAgLuI,Cs,Ag,1,Lu,3,I,3546
CsVSmI,Cs,V,2,Sm,2,I,3547
CsNaPrI,Cs,Na,1,Pr,3,I,3548
CsVAuI,Cs,V,3,Au,1,I,3549
CsMgNdI,Cs,Mg,2,Nd,2,I,3550
CsPtAmI,Cs,Pt,2,Am,2,I,3551
CsCuAuBr,Cs,Cu,1,Au,3,Br,3552
CsBeEuBr,Cs,Be,2,Eu,2,Br,3553
CsPdBiBr,Cs,Pd,1,Bi,3,Br,3554
CsCdAmI,Cs,Cd,2,Am,2,I,3555
CsVRbI,Cs,V,3,Rb,1,I,3556
CsPmHgI,Cs,Pm,3,Hg,1,I,3557
CsAgCeI,Cs,Ag,1,Ce,3,I,3558
CsAgNpI,Cs,Ag,1,Np,3,I,3559
CsHgCmI,Cs,Hg,1,Cm,3,I,3560
CsNaNdI,Cs,Na,1,Nd,3,I,3561
CsAgAuI,Cs,Ag,1,Au,3,I,3562
CsKGaI,Cs,K,1,Ga,3,I,3563
CsVAmI,Cs,V,2,Am,2,I,3564
CsRhTlI,Cs,Rh,3,Tl,1,I,3565
CsHgAmI,Cs,Hg,1,Am,3,I,3566
CsEuTlBr,Cs,Eu,3,Tl,1,Br,3567
CsNaFeBr,Cs,Na,1,Fe,3,Br,3568
CsNaAmI,Cs,Na,1,Am,3,I,3569
CsKCrI,Cs,K,1,Cr,3,I,3570
CsCaEuI,Cs,Ca,2,Eu,2,I,3571
CsInAuI,Cs,In,3,Au,1,I,3572
CsCdSmI,Cs,Cd,2,Sm,2,I,3573
CsNiRaI,Cs,Ni,2,Ra,2,I,3574
CsTiTlI,Cs,Ti,3,Tl,1,I,3575
CsDyNpI,Cs,Dy,2,Np,2,I,3576
CsKMnI,Cs,K,1,Mn,3,I,3577
CsTeVacI,Cs,Te,4,Vac,0,I,3578
CsCrVacF,Cs,Cr,4,Vac,0,F,3579
CsThVacI,Cs,Th,4,Vac,0,I,3580
CsPoVacI,Cs,Po,4,Vac,0,I,3581
CsZrVacCl,Cs,Zr,4,Vac,0,Cl,3582
CsPbVacBr,Cs,Pb,4,Vac,0,Br,3583
CsHfVacCl,Cs,Hf,4,Vac,0,Cl,3584
CsPaVacI,Cs,Pa,4,Vac,0,I,3585
CsUVacI,Cs,U,4,Vac,0,I,3586
CsTbVacBr,Cs,Tb,4,Vac,0,Br,3587
CsMnVacF,Cs,Mn,4,Vac,0,F,3588
CsCoVacF,Cs,Co,4,Vac,0,F,3589
CsGeVacF,Cs,Ge,4,Vac,0,F,3590
CsCeVacI,Cs,Ce,4,Vac,0,I,3591
CsNpVacI,Cs,Np,4,Vac,0,I,3592
CsSnVacCl,Cs,Sn,4,Vac,0,Cl,3593
CsPuVacI,Cs,Pu,4,Vac,0,I,3594
CsPrVacI,Cs,Pr,4,Vac,0,I,3595
CsAmVacI,Cs,Am,4,Vac,0,I,3596
CsCmVacI,Cs,Cm,4,Vac,0,I,3597
CsNbVacCl,Cs,Nb,4,Vac,0,Cl,3598
CsTaVacCl,Cs,Ta,4,Vac,0,Cl,3599
CsBkVacI,Cs,Bk,4,Vac,0,I,3600
CsZrVacBr,Cs,Zr,4,Vac,0,Br,3601
CsCfVacI,Cs,Cf,4,Vac,0,I,3602
CsWVacCl,Cs,W,4,Vac,0,Cl,3603
CsHfVacBr,Cs,Hf,4,Vac,0,Br,3604
CsSeVacF,Cs,Se,4,Vac,0,F,3605
CsMoVacCl,Cs,Mo,4,Vac,0,Cl,3606
CsTcVacCl,Cs,Tc,4,Vac,0,Cl,3607
CsSnVacBr,Cs,Sn,4,Vac,0,Br,3608
CsPbVacI,Cs,Pb,4,Vac,0,I,3609
CsTaVacBr,Cs,Ta,4,Vac,0,Br,3610
CsNbVacBr,Cs,Nb,4,Vac,0,Br,3611
CsOsVacCl,Cs,Os,4,Vac,0,Cl,3612
CsReVacCl,Cs,Re,4,Vac,0,Cl,3613
CsTbVacI,Cs,Tb,4,Vac,0,I,3614
CsPtVacCl,Cs,Pt,4,Vac,0,Cl,3615
CsIrVacCl,Cs,Ir,4,Vac,0,Cl,3616
CsNiVacF,Cs,Ni,4,Vac,0,F,3617
CsRuVacCl,Cs,Ru,4,Vac,0,Cl,3618
CsPdVacCl,Cs,Pd,4,Vac,0,Cl,3619
CsWVacBr,Cs,W,4,Vac,0,Br,3620
CsTiVacCl,Cs,Ti,4,Vac,0,Cl,3621
CsMoVacBr,Cs,Mo,4,Vac,0,Br,3622
CsRhVacCl,Cs,Rh,4,Vac,0,Cl,3623
CsTcVacBr,Cs,Tc,4,Vac,0,Br,3624
CsZrVacI,Cs,Zr,4,Vac,0,I,3625
CsHfVacI,Cs,Hf,4,Vac,0,I,3626
CsReVacBr,Cs,Re,4,Vac,0,Br,3627
CsOsVacBr,Cs,Os,4,Vac,0,Br,3628
CsFeVacCl,Cs,Fe,4,Vac,0,Cl,3629
CsIrVacBr,Cs,Ir,4,Vac,0,Br,3630
CsPtVacBr,Cs,Pt,4,Vac,0,Br,3631
CsVVacCl,Cs,V,4,Vac,0,Cl,3632
CsRuVacBr,Cs,Ru,4,Vac,0,Br,3633
CsSnVacI,Cs,Sn,4,Vac,0,I,3634
CsPdVacBr,Cs,Pd,4,Vac,0,Br,3635
CsNbVacI,Cs,Nb,4,Vac,0,I,3636
CsTaVacI,Cs,Ta,4,Vac,0,I,3637
CsTiVacBr,Cs,Ti,4,Vac,0,Br,3638
CsRhVacBr,Cs,Rh,4,Vac,0,Br,3639
CsWVacI,Cs,W,4,Vac,0,I,3640
CsCrVacCl,Cs,Cr,4,Vac,0,Cl,3641
CsFeVacBr,Cs,Fe,4,Vac,0,Br,3642
CsMoVacI,Cs,Mo,4,Vac,0,I,3643
CsTcVacI,Cs,Tc,4,Vac,0,I,3644
CsVVacBr,Cs,V,4,Vac,0,Br,3645
CsCoVacCl,Cs,Co,4,Vac,0,Cl,3646
CsMnVacCl,Cs,Mn,4,Vac,0,Cl,3647
CsGeVacCl,Cs,Ge,4,Vac,0,Cl,3648
CsOsVacI,Cs,Os,4,Vac,0,I,3649
CsReVacI,Cs,Re,4,Vac,0,I,3650
CsIrVacI,Cs,Ir,4,Vac,0,I,3651
CsPtVacI,Cs,Pt,4,Vac,0,I,3652
CsRuVacI,Cs,Ru,4,Vac,0,I,3653
CsPdVacI,Cs,Pd,4,Vac,0,I,3654
CsCrVacBr,Cs,Cr,4,Vac,0,Br,3655
CsSiVacF,Cs,Si,4,Vac,0,F,3656
CsTiVacI,Cs,Ti,4,Vac,0,I,3657
CsRhVacI,Cs,Rh,4,Vac,0,I,3658
CsSeVacCl,Cs,Se,4,Vac,0,Cl,3659
CsBCsF,Cs,B,3,Cs,1,F,3660
CsBCsCl,Cs,B,3,Cs,1,Cl,3661
CsBCsBr,Cs,B,3,Cs,1,Br,3662
CsNCsF,Cs,N,3,Cs,1,F,3663
CsNCsCl,Cs,N,3,Cs,1,Cl,3664
CsNCsBr,Cs,N,3,Cs,1,Br,3665
CsAlCsF,Cs,Al,3,Cs,1,F,3666
CsAlCsCl,Cs,Al,3,Cs,1,Cl,3667
CsAlCsBr,Cs,Al,3,Cs,1,Br,3668
CsPCsF,Cs,P,3,Cs,1,F,3669
CsPCsCl,Cs,P,3,Cs,1,Cl,3670
CsPCsBr,Cs,P,3,Cs,1,Br,3671
CsPCsI,Cs,P,3,Cs,1,I,3672
CsScCsF,Cs,Sc,3,Cs,1,F,3673
CsScCsCl,Cs,Sc,3,Cs,1,Cl,3674
CsScCsBr,Cs,Sc,3,Cs,1,Br,3675
CsTiCsF,Cs,Ti,3,Cs,1,F,3676
CsTiCsCl,Cs,Ti,3,Cs,1,Cl,3677
CsTiCsBr,Cs,Ti,3,Cs,1,Br,3678
CsVCsF,Cs,V,3,Cs,1,F,3679
CsVCsCl,Cs,V,3,Cs,1,Cl,3680
CsVCsBr,Cs,V,3,Cs,1,Br,3681
CsCrCsF,Cs,Cr,3,Cs,1,F,3682
CsCrCsCl,Cs,Cr,3,Cs,1,Cl,3683
CsCrCsBr,Cs,Cr,3,Cs,1,Br,3684
CsMnCsF,Cs,Mn,3,Cs,1,F,3685
CsMnCsCl,Cs,Mn,3,Cs,1,Cl,3686
CsMnCsBr,Cs,Mn,3,Cs,1,Br,3687
CsFeCsF,Cs,Fe,3,Cs,1,F,3688
CsFeCsCl,Cs,Fe,3,Cs,1,Cl,3689
CsFeCsBr,Cs,Fe,3,Cs,1,Br,3690
CsCoCsF,Cs,Co,3,Cs,1,F,3691
CsCoCsCl,Cs,Co,3,Cs,1,Cl,3692
CsCoCsBr,Cs,Co,3,Cs,1,Br,3693
CsNiCsF,Cs,Ni,3,Cs,1,F,3694
CsNiCsCl,Cs,Ni,3,Cs,1,Cl,3695
CsNiCsBr,Cs,Ni,3,Cs,1,Br,3696
CsCuCsF,Cs,Cu,3,Cs,1,F,3697
CsCuCsCl,Cs,Cu,3,Cs,1,Cl,3698
CsCuCsBr,Cs,Cu,3,Cs,1,Br,3699
CsGaCsF,Cs,Ga,3,Cs,1,F,3700
CsGaCsCl,Cs,Ga,3,Cs,1,Cl,3701
CsGaCsBr,Cs,Ga,3,Cs,1,Br,3702
CsAsCsF,Cs,As,3,Cs,1,F,3703
CsAsCsCl,Cs,As,3,Cs,1,Cl,3704
CsAsCsBr,Cs,As,3,Cs,1,Br,3705
CsYCsF,Cs,Y,3,Cs,1,F,3706
CsNbCsF,Cs,Nb,3,Cs,1,F,3707
CsNbCsCl,Cs,Nb,3,Cs,1,Cl,3708
CsNbCsBr,Cs,Nb,3,Cs,1,Br,3709
CsMoCsF,Cs,Mo,3,Cs,1,F,3710
CsMoCsCl,Cs,Mo,3,Cs,1,Cl,3711
CsMoCsBr,Cs,Mo,3,Cs,1,Br,3712
CsRuCsF,Cs,Ru,3,Cs,1,F,3713
CsRuCsCl,Cs,Ru,3,Cs,1,Cl,3714
CsRuCsBr,Cs,Ru,3,Cs,1,Br,3715
CsRhCsF,Cs,Rh,3,Cs,1,F,3716
CsRhCsCl,Cs,Rh,3,Cs,1,Cl,3717
CsRhCsBr,Cs,Rh,3,Cs,1,Br,3718
CsPdCsF,Cs,Pd,3,Cs,1,F,3719
CsPdCsCl,Cs,Pd,3,Cs,1,Cl,3720
CsPdCsBr,Cs,Pd,3,Cs,1,Br,3721
CsAgCsF,Cs,Ag,3,Cs,1,F,3722
CsAgCsCl,Cs,Ag,3,Cs,1,Cl,3723
CsAgCsBr,Cs,Ag,3,Cs,1,Br,3724
CsInCsF,Cs,In,3,Cs,1,F,3725
CsInCsCl,Cs,In,3,Cs,1,Cl,3726
CsSbCsF,Cs,Sb,3,Cs,1,F,3727
CsSbCsCl,Cs,Sb,3,Cs,1,Cl,3728
CsSbCsBr,Cs,Sb,3,Cs,1,Br,3729
CsCsCeF,Cs,Cs,1,Ce,3,F,3730
CsCsPrF,Cs,Cs,1,Pr,3,F,3731
CsCsNdF,Cs,Cs,1,Nd,3,F,3732
CsCsPmF,Cs,Cs,1,Pm,3,F,3733
CsCsSmF,Cs,Cs,1,Sm,3,F,3734
CsCsEuF,Cs,Cs,1,Eu,3,F,3735
CsCsGdF,Cs,Cs,1,Gd,3,F,3736
CsCsTbF,Cs,Cs,1,Tb,3,F,3737
CsCsDyF,Cs,Cs,1,Dy,3,F,3738
CsCsHoF,Cs,Cs,1,Ho,3,F,3739
CsCsErF,Cs,Cs,1,Er,3,F,3740
CsCsTmF,Cs,Cs,1,Tm,3,F,3741
CsCsYbF,Cs,Cs,1,Yb,3,F,3742
CsCsLuF,Cs,Cs,1,Lu,3,F,3743
CsCsTaF,Cs,Cs,1,Ta,3,F,3744
CsCsTaCl,Cs,Cs,1,Ta,3,Cl,3745
CsCsTaBr,Cs,Cs,1,Ta,3,Br,3746
CsCsIrF,Cs,Cs,1,Ir,3,F,3747
CsCsIrCl,Cs,Cs,1,Ir,3,Cl,3748
CsCsIrBr,Cs,Cs,1,Ir,3,Br,3749
CsCsAuF,Cs,Cs,1,Au,3,F,3750
CsCsAuCl,Cs,Cs,1,Au,3,Cl,3751
CsCsTlF,Cs,Cs,1,Tl,3,F,3752
CsCsUF,Cs,Cs,1,U,3,F,3753
CsCsNpF,Cs,Cs,1,Np,3,F,3754
CsCsPuF,Cs,Cs,1,Pu,3,F,3755
CsCsAmF,Cs,Cs,1,Am,3,F,3756
CsCsCmF,Cs,Cs,1,Cm,3,F,3757
CsCsBkF,Cs,Cs,1,Bk,3,F,3758
CsCsCfF,Cs,Cs,1,Cf,3,F,3759